id,name,host_id,host_name,neighbourhood_group,neighbourhood,latitude,longitude,room_type,price,minimum_nights,number_of_reviews,last_review,reviews_per_month,calculated_host_listings_count,availability_365,number_of_reviews_ltm,license
505101,Home in Bozeman · ★4.97 · 2 bedrooms · 2 beds · 2 baths,2490712,Stacie,,Bozeman,45.67934,-111.04756,Entire home/apt,161,3,217,5/21/2023,1.66,1,260,32,
1913774,Guesthouse in Bozeman · ★4.97 · 1 bedroom · 1 bed · 1 bath,9892898,Brian,,Bozeman,45.68399,-111.03989,Entire home/apt,162,3,409,6/3/2023,3.52,1,252,48,
1950545,Home in Bozeman · ★4.73 · 1 bedroom · 2 beds · 1.5 baths,8224408,Paul,,Bozeman,45.6843,-111.03167,Entire home/apt,177,3,35,10/26/2022,0.32,20,308,3,
2390321,Rental unit in Bozeman · ★4.95 · 1 bedroom · 1 bed · 1 bath,7849959,Irene,,Bozeman,45.67429,-111.03419,Entire home/apt,300,3,42,5/15/2023,0.49,2,347,4,
2536175,Home in Bozeman · ★4.78 · 3 bedrooms · 3 beds · 2 baths,8287259,Kris And Alex,,Bozeman,45.66459,-111.0391,Entire home/apt,229,3,254,5/28/2023,2.33,1,286,32,
2839082,Home in Bozeman · ★4.97 · 2 bedrooms · 2 beds · 1 bath,1577112,Zack,,Bozeman,45.67517,-111.03342,Entire home/apt,464,2,64,5/14/2023,0.7,1,327,5,
2968623,Guesthouse in Bozeman · ★4.95 · 1 bedroom · 1 bed · 1 bath,15146634,Frances,,Bozeman,45.67236,-111.04979,Entire home/apt,125,3,168,5/27/2023,1.75,1,46,17,
4008507,Guest suite in Bozeman · ★4.98 · 1 bedroom · 2 beds · 1 bath,20738079,Lori,,Bozeman,45.66932,-111.04256,Entire home/apt,203,1,193,5/24/2023,1.98,1,282,44,
4116964,Home in Bozeman · ★4.86 · 1 bedroom · 2 beds · 1 private bath,7722453,Rachel,,Bozeman,45.65909,-111.01448,Private room,98,4,73,5/31/2023,0.69,3,34,7,
4134363,Place to stay in Bozeman · ★4.93 · 1 bedroom · 2 beds · 1 bath,21447984,Sharon,,Bozeman,45.6702,-111.04073,Entire home/apt,265,4,82,5/16/2023,0.79,1,222,10,
6662056,Home in Bozeman · ★4.83 · 4 bedrooms · 5 beds · 2.5 baths,34871220,Ehson,,Bozeman,45.66051,-111.02333,Entire home/apt,399,3,153,5/14/2023,1.61,1,292,23,
6783856,Townhouse in Bozeman · ★4.93 · 2 bedrooms · 2 beds · 2 baths,35514344,Janette,,Bozeman,45.67985,-111.08666,Entire home/apt,175,28,15,3/7/2021,0.15,1,279,0,
6800497,Guesthouse in Bozeman · ★4.91 · 1 bedroom · 3 beds · 1 bath,16264310,Kent,,Bozeman,45.67852,-111.0348,Entire home/apt,205,2,313,6/4/2023,3.46,1,308,46,
6881306,Rental unit in Bozeman · ★4.84 · 1 bedroom · 1 bed · 1 bath,36057505,Kathi,,Bozeman,45.68118,-111.03996,Entire home/apt,136,29,56,11/3/2022,0.79,1,124,5,
6970499,Rental unit in Bozeman · ★4.87 · 1 bedroom · 2 beds · 1 bath,36548325,Doug,,Bozeman,45.68094,-111.04362,Entire home/apt,158,3,335,5/31/2023,3.69,2,41,29,
7480329,Condo in Bozeman · ★5.0 · 2 bedrooms · 2 beds · 2 baths,3437116,Jill,,Bozeman,45.67166,-111.03128,Entire home/apt,187,14,9,12/12/2021,0.11,1,299,0,
7694423,Guesthouse in Bozeman · ★4.85 · 1 bedroom · 1 bed · 1 bath,40166238,Sunny,,Bozeman,45.68181,-111.0953,Entire home/apt,218,28,28,2/26/2023,0.29,2,339,7,
7809335,Home in Bozeman · ★4.95 · 2 bedrooms · 3 beds · 1.5 baths,18706726,Otto,,Bozeman,45.67271,-111.03633,Entire home/apt,699,3,59,8/28/2022,0.63,1,250,2,
7855037,Townhouse in Bozeman · ★4.94 · 3 bedrooms · 3 beds · 2.5 baths,14843944,Laura,,Bozeman,45.70654,-111.0227,Entire home/apt,299,2,149,5/14/2023,1.59,1,293,13,
8016791,Home in Bozeman · ★4.99 · 4 bedrooms · 5 beds · 2 baths,19523133,Pele,,Bozeman,45.68367,-111.03269,Entire home/apt,353,2,160,5/25/2023,1.82,2,201,23,
8131484,Rental unit in Bozeman · ★4.91 · 1 bedroom · 2 beds · 1 bath,42939495,Mary,,Bozeman,45.67562,-111.05268,Entire home/apt,165,3,182,5/20/2023,2.04,1,246,23,
8248642,Condo in Bozeman · ★4.98 · 2 bedrooms · 5 beds · 2 baths,23268299,Jenny,,Bozeman,45.67866,-111.0223,Entire home/apt,295,3,46,5/14/2023,0.62,1,231,10,
8471627,Rental unit in Bozeman · ★4.93 · 2 bedrooms · 3 beds · 1 bath,44596719,Jade,,Bozeman,45.68157,-111.03424,Entire home/apt,259,1,617,6/5/2023,8.07,2,265,99,
8522409,Guesthouse in Bozeman · ★4.98 · 2 bedrooms · 2 beds · 1 bath,44874042,Amy,,Bozeman,45.67903,-111.10261,Entire home/apt,175,3,233,5/20/2023,2.7,1,288,32,
8616625,Home in Bozeman · ★4.91 · 3 bedrooms · 4 beds · 2 baths,32568100,Andrew,,Bozeman,45.67499,-111.04641,Entire home/apt,205,2,174,5/21/2023,1.88,1,86,23,
9131418,Home in Bozeman · ★5.0 · 3 bedrooms · 3 beds · 2 baths,7722453,Rachel,,Bozeman,45.66121,-111.01632,Entire home/apt,356,10,3,6/25/2021,0.05,3,62,0,
9588650,Rental unit in Bozeman · ★4.97 · 2 bedrooms · 1 bed · 1 bath,49630888,Amy,,Bozeman,45.682587,-111.041031,Entire home/apt,197,1,446,6/3/2023,4.88,1,166,30,
9615182,Hostel in Bozeman · ★4.67 · 1 bedroom · 6 beds · 2 shared baths,49746531,Nina,,Bozeman,45.6801,-111.03611,Hotel room,31,1,293,5/21/2023,3.2,5,312,60,
9615473,Hostel in Bozeman · ★4.59 · 1 bedroom · 1 bed · 2 shared baths,49746531,Nina,,Bozeman,45.67899,-111.03531,Hotel room,51,1,204,5/15/2023,2.28,5,257,48,
9739788,Hostel in Bozeman · ★4.52 · 1 bedroom · 4 beds · 2 shared baths,49746531,Nina,,Bozeman,45.67957,-111.03632,Hotel room,40,1,161,5/21/2023,1.93,5,326,41,
9740033,Hostel in Bozeman · ★4.62 · 1 bedroom · 3 beds · 2 shared baths,49746531,Nina,,Bozeman,45.67906,-111.03545,Shared room,30,1,76,5/16/2023,0.87,5,340,8,
9882706,Home in Bozeman · ★4.83 · 3 bedrooms · 3 beds · 2 baths,50844446,Jaymie,,Bozeman,45.71358,-111.08007,Entire home/apt,245,7,6,9/26/2022,0.52,2,252,6,
10194083,Home in Bozeman · ★4.99 · 2 bedrooms · 2 beds · 1 bath,52362737,Terra,,Bozeman,45.67552,-111.03353,Entire home/apt,249,3,114,2/27/2023,1.31,1,109,12,
10282173,Home in Bozeman · 2 bedrooms · 2 beds · 1 bath,8979185,Laura,,Bozeman,45.67211,-111.04605,Entire home/apt,275,30,1,1/30/2023,0.23,1,169,1,
10616342,Hostel in Bozeman · ★4.64 · 1 bedroom · 1 bed · 2 shared baths,49746531,Nina,,Bozeman,45.67908,-111.03689,Hotel room,73,1,123,5/8/2023,1.44,5,256,50,
11337733,Guest suite in Bozeman · ★4.91 · 1 bedroom · 1 bed · 1 bath,59339691,Allison,,Bozeman,45.68087,-111.04582,Entire home/apt,126,2,403,5/29/2023,4.6,1,261,51,
11379100,Home in Bozeman · ★4.81 · Studio · 1 bed · 1 bath,8224408,Paul,,Bozeman,45.6822,-111.0293,Entire home/apt,146,3,120,4/4/2023,1.36,20,305,17,
11394263,Home in Bozeman · ★5.0 · 3 bedrooms · 4 beds · 2.5 baths,59781492,Andrew,,Bozeman,45.6923,-111.08861,Entire home/apt,200,30,7,3/10/2023,0.09,1,250,1,
12155819,Condo in Bozeman · ★5.0 · 2 bedrooms · 2 beds · 2 baths,21848555,Barry,,Bozeman,45.68625,-111.06349,Entire home/apt,180,7,10,8/23/2022,0.12,1,321,3,
12675495,Townhouse in Bozeman · ★4.93 · 3 bedrooms · 5 beds · 1 bath,68872256,Meagan And Michael,,Bozeman,45.66973,-111.0346,Entire home/apt,178,2,418,6/2/2023,4.94,2,275,31,
13747912,Home in Bozeman · ★4.85 · 1 bedroom · 2 beds · 1 bath,80521705,Anna,,Bozeman,45.67934,-111.02765,Entire home/apt,170,1,323,5/23/2023,3.85,1,316,58,
13797463,Rental unit in Bozeman · ★4.81 · 2 bedrooms · 2 beds · 1 bath,81112095,Serena,,Bozeman,45.67961,-111.05036,Entire home/apt,105,3,198,5/22/2023,2.35,1,155,21,
13837307,Rental unit in Bozeman · ★4.91 · 1 bedroom · 1 bed · 1 bath,528052,Vicki,,Bozeman,45.66955,-111.04226,Entire home/apt,75,30,117,5/13/2022,1.39,1,75,0,
14041374,Home in Bozeman · ★5.0 · 5 bedrooms · 6 beds · 3.5 baths,20987607,Jacki,,Bozeman,45.65509,-111.0409,Entire home/apt,360,3,7,6/10/2021,0.09,1,3,0,
14093005,Home in Bozeman · ★4.94 · 4 bedrooms · 5 beds · 2 baths,74996144,Gary,,Bozeman,45.66933,-111.03101,Entire home/apt,450,2,130,5/21/2023,1.56,1,292,17,
14487902,Condo in Bozeman · ★4.85 · 3 bedrooms · 8 beds · 2 baths,77150382,Mary,,Bozeman,45.6898,-111.11642,Entire home/apt,214,2,76,6/4/2023,0.93,1,242,12,
14769819,Home in Bozeman · ★4.89 · 1 bedroom · 1 bed · 1 private bath,84377290,E-T,,Bozeman,45.66015,-111.03341,Private room,68,30,183,9/8/2022,2.37,1,302,1,
15284883,Loft in Bozeman · ★4.92 · 1 bedroom · 2 beds · 1 bath,97282807,Natalie,,Bozeman,45.68485,-111.03929,Entire home/apt,178,3,63,2/19/2023,0.78,1,21,1,
15425714,Home in Bozeman · ★4.67 · 2 bedrooms · 3 beds · 1 bath,91012372,Peter,,Bozeman,45.67063,-111.04495,Entire home/apt,104,30,12,1/31/2023,0.15,3,224,3,
15566255,Condo in Bozeman · ★4.76 · 3 bedrooms · 5 beds · 2.5 baths,78849013,Stay Montana,,Bozeman,45.70827,-111.07428,Entire home/apt,233,3,21,2/19/2023,0.39,13,263,8,
15579746,Condo in Bozeman · ★4.67 · 1 bedroom · 2 beds · 1 bath,78849013,Stay Montana,,Bozeman,45.68026,-111.03906,Entire home/apt,88,30,6,1/1/2022,0.1,13,176,0,
15828087,Townhouse in Bozeman · 3 bedrooms · 6 beds · 2.5 baths,22877888,Shaun & Nathalie,,Bozeman,45.72913,-111.06856,Entire home/apt,370,2,0,,,1,37,0,
16064719,Home in Bozeman · ★4.78 · 3 bedrooms · 3 beds · 2 baths,104010331,Dream MT,,Bozeman,45.68142,-111.03857,Entire home/apt,660,2,79,4/1/2023,1.08,12,272,14,
16135754,Condo in Bozeman · ★4.98 · 2 bedrooms · 3 beds · 2 baths,91012372,Peter,,Bozeman,45.67856,-111.02402,Entire home/apt,312,3,54,6/4/2023,0.71,3,305,38,
16274835,Guesthouse in Bozeman · ★4.86 · 1 bedroom · 2 beds · 1 bath,106429221,Vacation Homes Bozeman,,Bozeman,45.682135,-111.0975582,Entire home/apt,176,2,80,1/24/2023,1.03,5,127,9,
16498232,Home in Bozeman · ★4.92 · 1 bedroom · 1 bed · 1 private bath,77559702,Joe,,Bozeman,45.67798,-111.07694,Private room,61,1,165,6/3/2023,2.21,1,346,45,
16504338,Home in Bozeman · ★4.97 · 3 bedrooms · 3 beds · 2.5 baths,68913845,Julia,,Bozeman,45.6899,-111.05682,Entire home/apt,186,2,156,6/4/2023,2,1,237,26,
16531635,Home in Bozeman · ★4.87 · 3 bedrooms · 4 beds · 2 baths,104010331,Dream MT,,Bozeman,45.64436,-111.06492,Entire home/apt,660,2,23,3/15/2023,0.3,12,304,3,
16546683,Cabin in Bozeman · ★4.98 · 3 bedrooms · 3 beds · 2 baths,103773075,Bozeman Montana,,Bozeman,45.687469,-111.033318,Entire home/apt,261,3,107,5/29/2023,1.4,4,231,22,
16650024,Rental unit in Bozeman · ★4.96 · 2 bedrooms · 3 beds · 2 baths,110052520,Jeanette,,Bozeman,45.68715,-111.06393,Entire home/apt,175,2,257,6/5/2023,3.34,1,40,39,
16662749,Home in Bozeman · ★4.92 · 3 bedrooms · 4 beds · 2.5 baths,106429221,Vacation Homes Bozeman,,Bozeman,45.6890338,-111.1083844,Entire home/apt,354,2,37,9/28/2021,0.49,5,120,0,
16881888,Rental unit in Bozeman · ★5.0 · 1 bedroom · 1 bed · 1 bath,7849959,Irene,,Bozeman,45.67871,-111.03395,Entire home/apt,100,30,5,9/16/2022,0.11,2,313,1,
17606899,Condo in Bozeman · ★4.92 · 2 bedrooms · 3 beds · 2 baths,78849013,Stay Montana,,Bozeman,45.70701,-111.01881,Entire home/apt,292,3,24,3/18/2023,0.33,13,210,6,
17646492,Home in Bozeman · ★4.91 · 3 bedrooms · 4 beds · 2 baths,13339065,Amy,,Bozeman,45.66181946,-111.0214386,Entire home/apt,275,3,76,5/14/2023,1.03,1,91,12,
18242184,Rental unit in Bozeman · ★4.95 · 1 bedroom · 1 bed · 1 bath,125690435,Kim & Cody,,Bozeman,45.68343,-111.1023,Entire home/apt,179,3,108,5/11/2023,1.46,1,289,16,
18309166,Guesthouse in Bozeman · ★4.98 · 1 bedroom · 2 beds · 1 bath,55985011,Jylissa & Derrick,,Bozeman,45.71099,-111.08107,Entire home/apt,150,30,44,6/2/2023,0.6,1,129,4,
18428989,Condo in Bozeman · ★5.0 · 3 bedrooms · 4 beds · 2 baths,78849013,Stay Montana,,Bozeman,45.70474,-111.02842,Entire home/apt,112,30,5,4/8/2022,0.09,13,120,0,
18509621,Rental unit in Bozeman · ★4.88 · 2 bedrooms · 2 beds · 1 bath,121782093,Samantha,,Bozeman,45.68146,-111.04453,Entire home/apt,183,1,513,5/22/2023,6.94,3,45,109,
18610457,Townhouse in Bozeman · ★4.91 · 3 bedrooms · 5 beds · 1 bath,68872256,Meagan And Michael,,Bozeman,45.66934,-111.03514,Entire home/apt,155,2,329,5/26/2023,4.55,2,278,31,
18723425,Home in Bozeman · ★4.83 · 3 bedrooms · 4 beds · 2 baths,129302024,Dan & Alex,,Bozeman,45.6864,-111.08876,Entire home/apt,100,30,19,1/10/2023,0.26,1,140,2,
18756607,Rental unit in Bozeman · ★4.94 · Studio · 1 bed · 1 bath,130503649,Lisa,,Bozeman,45.71859,-111.06558,Entire home/apt,150,1,308,6/5/2023,4.18,2,295,28,
18876596,Rental unit in Bozeman · ★4.83 · 2 bedrooms · 4 beds · 1 bath,130503649,Lisa,,Bozeman,45.71294,-111.05649,Entire home/apt,190,1,224,5/15/2023,3.64,2,310,47,
19738080,Condo in Bozeman · ★4.30 · 1 bedroom · 2 beds · 1 bath,78849013,Stay Montana,,Bozeman,45.67872,-111.03943,Entire home/apt,87,30,10,11/21/2022,0.17,13,207,2,
19804136,Home in Bozeman · ★4.62 · 2 bedrooms · 2 beds · 1 bath,400800596,Hollis,,Bozeman,45.67595,-111.05525,Entire home/apt,108,1,423,6/6/2023,6.03,1,286,69,
19986314,Home in Bozeman · ★4.76 · 2 bedrooms · 2 beds · 1 bath,121782093,Samantha,,Bozeman,45.68163,-111.04895,Entire home/apt,185,1,392,5/23/2023,5.57,3,41,105,
20468639,Home in Bozeman · ★4.71 · 1 bedroom · 1 bed · 1 private bath,146144535,Josh,,Bozeman,45.68576,-111.05565,Private room,90,1,464,5/24/2023,6.57,1,92,94,
20904027,Camper/RV in Bozeman · ★4.89 · 1 bedroom · 2 beds · 1 bath,7831671,Lei-Anna & Troy,,Bozeman,45.69246,-111.02395,Entire home/apt,63,1,165,5/14/2023,2.41,1,140,19,
21026158,Home in Bozeman · ★4.80 · 3 bedrooms · 5 beds · 0 baths,122381278,Evolve,,Bozeman,45.70092,-111.09442,Entire home/apt,212,2,40,5/29/2023,0.59,12,298,15,
21391763,Townhouse in Bozeman · ★4.97 · 3 bedrooms · 3 beds · 2 baths,451115341,Jessica,,Bozeman,45.68079,-111.09808,Entire home/apt,265,2,158,5/14/2023,2.33,1,188,29,
21436733,Condo in Bozeman · ★4.90 · 3 bedrooms · 3 beds · 2 baths,106429221,Vacation Homes Bozeman,,Bozeman,45.691377,-111.1156164,Entire home/apt,297,2,39,5/13/2023,0.61,5,137,9,
21563216,Rental unit in Bozeman · ★4.85 · 1 bedroom · 2 beds · 1 bath,147544279,Catrina,,Bozeman,45.68053,-111.04321,Entire home/apt,146,1,391,6/4/2023,5.84,1,95,103,
21836263,Guest suite in Bozeman · ★4.95 · 1 bedroom · 1 bed · 1 bath,150488129,Sandy,,Bozeman,45.68297,-111.04168,Entire home/apt,75,2,248,5/13/2023,3.72,1,4,29,
22010637,Home in Bozeman · ★4.96 · 3 bedrooms · 3 beds · 2.5 baths,100568826,Victoria,,Bozeman,45.69658,-111.08269,Entire home/apt,205,1,362,6/4/2023,5.46,1,319,93,
22031067,Townhouse in Bozeman · ★4.82 · 3 bedrooms · 4 beds · 2.5 baths,158595657,Mountain Home,,Bozeman,45.70651,-111.01959,Entire home/apt,385,1,11,3/28/2023,0.29,24,249,6,
22031078,Home in Bozeman · ★5.0 · 4 bedrooms · 9 beds · 3 baths,158595657,Mountain Home,,Bozeman,45.67244,-111.03835,Entire home/apt,675,1,14,4/27/2023,0.41,24,173,6,
22031083,Townhouse in Bozeman · ★4.85 · 2 bedrooms · 2 beds · 2 baths,158595657,Mountain Home,,Bozeman,45.70629,-111.01963,Entire home/apt,300,1,13,3/14/2023,0.26,24,291,9,
22031084,Townhouse in Bozeman · ★4.78 · 3 bedrooms · 4 beds · 2.5 baths,158595657,Mountain Home,,Bozeman,45.707085,-111.020134,Entire home/apt,425,1,23,5/14/2023,0.44,24,266,5,
22031123,Townhouse in Bozeman · ★4.94 · 4 bedrooms · 5 beds · 3.5 baths,158595657,Mountain Home,,Bozeman,45.707302,-111.020195,Entire home/apt,548,1,16,3/20/2023,0.37,24,285,7,
22031130,Townhouse in Bozeman · ★4.91 · 3 bedrooms · 4 beds · 2.5 baths,158595657,Mountain Home,,Bozeman,45.706024,-111.01967,Entire home/apt,385,1,23,2/22/2023,0.5,24,55,11,
22031171,Home in Bozeman · ★4.85 · 3 bedrooms · 4 beds · 2.5 baths,158595657,Mountain Home,,Bozeman,45.68942,-111.05661,Entire home/apt,345,1,41,5/13/2023,0.98,24,226,14,
22467914,Guest suite in Bozeman · ★4.94 · 2 bedrooms · 2 beds · 1 bath,11104779,Sarah,,Bozeman,45.67704,-111.03458,Entire home/apt,214,2,195,6/4/2023,4.65,1,141,58,
22733838,Home in Bozeman · ★4.93 · 3 bedrooms · 4 beds · 2 baths,8224408,Paul,,Bozeman,45.68285,-111.03126,Entire home/apt,313,4,15,5/14/2023,0.26,20,264,5,
22925801,Condo in Bozeman · ★4.99 · 2 bedrooms · 2 beds · 1 bath,169754903,VR Bozeman,,Bozeman,45.680634,-111.030121,Entire home/apt,322,1,174,6/1/2023,2.69,4,258,51,
23191331,Rental unit in Bozeman · ★4.86 · 2 bedrooms · 2 beds · 1 bath,121782093,Samantha,,Bozeman,45.68099,-111.04448,Entire home/apt,166,1,246,5/23/2023,3.94,3,58,71,
23269653,Home in Bozeman · ★4.93 · 2 bedrooms · 2 beds · 1.5 baths,106429221,Vacation Homes Bozeman,,Bozeman,45.68218923,-111.0952056,Entire home/apt,157,2,44,4/22/2023,0.69,5,151,2,
23685855,Townhouse in Bozeman · ★4.0 · 2 bedrooms · 2 beds · 1 bath,122381278,Evolve,,Bozeman,45.66914,-111.03952,Entire home/apt,96,28,7,4/14/2023,0.15,12,228,4,
23689274,Bungalow in Bozeman · ★5.0 · 3 bedrooms · 3 beds · 3 baths,24882747,Kerry,,Bozeman,45.6777,-111.04707,Entire home/apt,321,3,35,6/4/2023,0.57,1,261,10,
23945254,Home in Bozeman · ★5.0 · 2 bedrooms · 3 beds · 1 bath,8224408,Paul,,Bozeman,45.68152,-111.03121,Entire home/apt,208,3,33,2/21/2023,0.54,20,261,4,
23947268,Home in Bozeman · ★4.75 · 2 bedrooms · 4 beds · 2.5 baths,8224408,Paul,,Bozeman,45.68336,-111.02722,Entire home/apt,303,5,16,5/25/2023,0.26,20,109,3,
24075266,Home in Bozeman · ★4.98 · 1 bedroom · 1 bed · 1 private bath,176207616,Elin,,Bozeman,45.67643,-111.05135,Private room,88,1,139,5/30/2023,2.38,1,89,33,
25113972,Townhouse in Bozeman · ★4.98 · 3 bedrooms · 6 beds · 2 baths,171508189,Coleen,,Bozeman,45.67453,-111.08897,Entire home/apt,222,3,177,5/27/2023,2.91,1,138,27,
25321668,Condo in Bozeman · ★4.95 · 4 bedrooms · 4 beds · 3.5 baths,122381278,Evolve,,Bozeman,45.67941,-111.09516,Entire home/apt,281,4,37,5/23/2023,0.65,12,283,9,
25420087,Townhouse in Bozeman · ★5.0 · 3 bedrooms · 4 beds · 2.5 baths,8224408,Paul,,Bozeman,45.68168,-111.03599,Entire home/apt,479,3,25,3/16/2023,0.44,20,282,11,
25549889,Townhouse in Bozeman · ★4.79 · 2 bedrooms · 2 beds · 1 bath,36548325,Doug,,Bozeman,45.68105,-111.04218,Entire home/apt,182,3,129,5/31/2023,2.13,2,60,31,
25580821,Home in Bozeman · ★4.92 · 3 bedrooms · 4 beds · 2.5 baths,106429221,Vacation Homes Bozeman,,Bozeman,45.6827985,-111.0953193,Entire home/apt,243,2,61,5/29/2023,1.03,5,129,3,
26925982,Guesthouse in Bozeman · ★4.96 · 1 bedroom · 1 bed · 1 bath,221430490,Jen,,Bozeman,45.67895,-111.10104,Entire home/apt,135,3,82,5/28/2023,1.45,1,95,24,
27113338,Rental unit in Bozeman · ★4.81 · Studio · 1 bed · 1 bath,40166238,Sunny,,Bozeman,45.6758,-111.05427,Entire home/apt,156,28,48,2/23/2023,0.82,2,200,12,
27284221,Guest suite in Bozeman · ★4.94 · 2 bedrooms · 2 beds · 1 bath,205016195,Erik,,Bozeman,45.71173477,-111.0338135,Entire home/apt,193,2,102,6/6/2023,1.89,1,320,28,
27306044,Home in Bozeman · ★5.0 · Studio · 3 beds · 1 bath,4635454,Jeanne,,Bozeman,45.67797,-111.04238,Entire home/apt,123,31,6,11/3/2022,0.32,1,162,3,
27730357,Home in Bozeman · 4 bedrooms · 5 beds · 2 baths,209352450,Sarah,,Bozeman,45.66965,-111.04234,Entire home/apt,350,29,2,2/22/2023,0.24,1,280,2,
27854265,Home in Bozeman · ★4.95 · 1 bedroom · 1 bed · 1 private bath,7722453,Rachel,,Bozeman,45.66092,-111.01594,Private room,124,4,22,5/15/2023,0.38,3,44,5,
27988420,Townhouse in Bozeman · ★4.67 · 3 bedrooms · 4 beds · 3.5 baths,122381278,Evolve,,Bozeman,45.66926,-111.04072,Entire home/apt,152,28,3,10/19/2022,0.09,12,298,2,
28258956,Guesthouse in Bozeman · ★4.99 · 1 bedroom · 1 bed · 1 bath,213440316,Beth,,Bozeman,45.68047,-111.09926,Entire home/apt,195,2,163,5/27/2023,2.84,1,262,28,
29494537,Townhouse in Bozeman · ★4.88 · 3 bedrooms · 7 beds · 2.5 baths,222135275,Lauren,,Bozeman,45.6667,-111.05753,Entire home/apt,354,2,140,5/22/2023,2.55,3,68,48,
29828057,Rental unit in Bozeman · ★4.68 · 1 bedroom · 1 bed · 1 bath,158595657,Mountain Home,,Bozeman,45.67108,-111.045105,Entire home/apt,210,1,47,5/29/2023,0.94,24,317,20,
29850904,Home in Bozeman · ★5.0 · 5 bedrooms · 6 beds · 3 baths,19565951,Brian,,Bozeman,45.65151,-111.04054,Entire home/apt,300,2,12,1/1/2020,0.22,1,15,0,
29899479,Bungalow in Bozeman · ★5.0 · 2 bedrooms · 2 beds · 1 bath,224820389,Shawna,,Bozeman,45.6808,-111.0494,Entire home/apt,105,29,3,4/2/2023,0.29,1,97,3,
30326352,Home in Bozeman · ★4.98 · 1 bedroom · 1 bed · 1 private bath,96363366,Jason,,Bozeman,45.68303,-111.04344,Private room,169,1,43,5/13/2023,2.61,1,333,24,
30397317,Loft in Bozeman · ★4.91 · Studio · 1 bed · 1 bath,58894863,Amy,,Bozeman,45.6804,-111.02024,Entire home/apt,128,1,397,5/29/2023,7.27,1,86,107,
30421899,Townhouse in Bozeman · ★4.93 · 3 bedrooms · 6 beds · 2.5 baths,222135275,Lauren,,Bozeman,45.67339,-111.05784,Entire home/apt,356,1,170,5/11/2023,3.12,3,5,46,
31341829,Townhouse in Bozeman · ★4.98 · 3 bedrooms · 4 beds · 2 baths,14612117,Kietra,,Bozeman,45.6895,-111.10512,Entire home/apt,315,2,43,5/14/2023,1.05,1,90,7,
31905516,Townhouse in Bozeman · ★5.0 · 1 bedroom · 1 bed · 1.5 baths,33934983,Melissa,,Bozeman,45.68604,-111.05654,Entire home/apt,180,4,4,7/12/2022,0.08,1,287,1,
32669634,Rental unit in Bozeman · ★4.90 · 1 bedroom · 1 bed · 1 bath,138236623,Annie,,Bozeman,45.67177,-111.05463,Entire home/apt,132,2,48,10/23/2022,0.93,1,24,17,
33094078,Townhouse in Bozeman · ★4.99 · 3 bedrooms · 3 beds · 2 baths,133422103,Tess,,Bozeman,45.6799,-111.07844,Entire home/apt,268,4,149,5/16/2023,2.93,1,111,27,
33241999,Condo in Bozeman · ★4.67 · 2 bedrooms · 2 beds · 2 baths,78849013,Stay Montana,,Bozeman,45.67808,-111.02338,Entire home/apt,213,2,24,12/27/2022,0.5,13,317,2,
33851416,Home in Bozeman · ★4.91 · 2 bedrooms · 3 beds · 1 bath,255480314,Mike & Emily,,Bozeman,45.68471,-111.10255,Entire home/apt,195,1,247,3/26/2023,5.39,1,34,64,
34544180,Rental unit in Bozeman · ★4.97 · 1 bedroom · 1 bed · 1 bath,74678789,Kelly,,Bozeman,45.68336,-111.10025,Entire home/apt,159,2,159,3/2/2023,3.3,1,96,33,
34889598,Cottage in Bozeman · ★5.0 · Studio · 1 bed · 1 bath,10828597,Amy,,Bozeman,45.68444,-111.02841,Entire home/apt,95,28,6,5/7/2023,0.42,1,236,4,
35577163,Home in Bozeman · ★5.0 · 2 bedrooms · 2 beds · 1 bath,8224408,Paul,,Bozeman,45.67794,-111.04981,Entire home/apt,198,2,20,10/16/2022,0.43,20,318,3,
36097634,Rental unit in Bozeman · ★4.83 · 2 bedrooms · 3 beds · 2 baths,271534497,Jason,,Bozeman,45.68858,-111.04103,Entire home/apt,203,3,36,3/14/2023,0.78,2,273,15,
36181219,Home in Bozeman · ★4.92 · 2 bedrooms · 3 beds · 1.5 baths,272118985,Robin,,Bozeman,45.68409,-111.02803,Entire home/apt,375,3,25,10/2/2022,0.53,1,174,4,
36518869,Rental unit in Bozeman · ★4.95 · 1 bedroom · 1 bed · 1 bath,274550698,Amanda,,Bozeman,45.6785,-111.09947,Entire home/apt,175,2,38,5/13/2023,0.86,1,320,12,
36798038,Condo in Bozeman · ★4.83 · 2 bedrooms · 2 beds · 2 baths,1978098,Kimberly,,Bozeman,45.66179,-111.03497,Entire home/apt,236,2,134,5/29/2023,2.85,1,341,51,
36799435,Home in Bozeman · ★4.98 · 3 bedrooms · 3 beds · 2.5 baths,177693150,Alexa,,Bozeman,45.68738,-111.05725,Entire home/apt,200,5,99,5/17/2023,2.17,1,37,20,
36931430,Guesthouse in Bozeman · ★4.96 · 1 bedroom · 2 beds · 1 bath,41269419,Chase,,Bozeman,45.69669,-111.09403,Entire home/apt,99,2,311,6/7/2023,6.63,1,152,61,
37483040,Rental unit in Bozeman · ★4.74 · 1 bedroom · 2 beds · 1 bath,21088231,Justine,,Bozeman,45.68751,-111.03102,Entire home/apt,155,1,267,5/21/2023,5.76,2,273,77,
37658979,Home in Bozeman · ★5.0 · 3 bedrooms · 5 beds · 2 baths,8224408,Paul,,Bozeman,45.67606,-111.03274,Entire home/apt,346,2,18,12/18/2022,0.4,20,304,2,
37863453,Townhouse in Bozeman · ★4.94 · 1 bedroom · 1 bed · 1 private bath,186311619,Jan,,Bozeman,45.67981,-111.07834,Private room,86,1,160,6/5/2023,3.47,1,21,56,
37878272,Rental unit in Bozeman · ★4.65 · 1 bedroom · 2 beds · 1 bath,21088231,Justine,,Bozeman,45.6877,-111.0325,Entire home/apt,96,1,297,5/19/2023,6.43,2,250,83,
38379009,Home in Bozeman · ★4.64 · 2 bedrooms · 2 beds · 1 bath,104010331,Dream MT,,Bozeman,45.68536,-111.0408,Entire home/apt,220,2,39,3/12/2023,0.88,12,305,5,
39002591,Guesthouse in Bozeman · ★4.98 · Studio · 2 beds · 1 bath,45830254,Phillip + Kristyn,,Bozeman,45.67384,-111.0551,Entire home/apt,100,2,175,6/3/2023,4.04,1,62,72,
39028561,Cottage in Bozeman · ★4.95 · 2 bedrooms · 4 beds · 2 baths,299079914,Bart,,Bozeman,45.66400909,-111.0310822,Entire home/apt,250,2,139,6/4/2023,3.12,1,246,29,
39551580,Home in Bozeman · ★4.89 · 2 bedrooms · 2 beds · 2 baths,8224408,Paul,,Bozeman,45.6861,-111.04126,Entire home/apt,208,3,19,4/8/2023,0.6,20,295,6,
39642791,Home in Bozeman · ★5.0 · 1 bedroom · 1 bed · 1 bath,304628102,Lisa,,Bozeman,45.64514,-111.0642,Entire home/apt,218,1,45,10/23/2022,1.13,4,298,8,
39951421,Home in Bozeman · ★4.92 · 4 bedrooms · 6 beds · 2 baths,8224408,Paul,,Bozeman,45.6835,-111.03673,Entire home/apt,366,4,12,5/15/2023,0.3,20,292,5,
39951635,Home in Bozeman · ★4.86 · 2 bedrooms · 3 beds · 2 baths,8224408,Paul,,Bozeman,45.68502,-111.02866,Entire home/apt,240,2,7,10/3/2022,0.18,20,338,3,
40032243,Townhouse in Bozeman · ★5.0 · 3 bedrooms · 3 beds · 2 baths,113469080,Carol And Mark,,Bozeman,45.69066,-111.10471,Entire home/apt,295,3,19,12/28/2022,1.22,1,188,12,
40064041,Home in Bozeman · ★4.89 · 3 bedrooms · 3 beds · 2 baths,27846465,Rebecca,,Bozeman,45.67565,-111.05002,Entire home/apt,226,2,99,5/22/2023,2.48,1,32,27,
40202339,Home in Bozeman · ★5.0 · 1 bedroom · 2 beds · 1 bath,310484531,Lisa,,Bozeman,45.67773,-111.0346,Entire home/apt,266,3,51,6/3/2023,1.28,1,139,6,
40806022,Rental unit in Bozeman · ★4.73 · 3 bedrooms · 4 beds · 1 bath,317251520,Katie,,Bozeman,45.68285,-111.04517,Entire home/apt,127,1,108,5/21/2023,2.75,5,22,57,
40913911,Boutique hotel in Bozeman · ★4.67 · 1 bedroom · 2 beds · 1 private bath,318737520,RSVP Hotel,,Bozeman,45.68493,-111.04574,Private room,403,1,15,4/24/2022,0.38,8,161,0,
41080693,Townhouse in Bozeman · ★4.95 · 2 bedrooms · 2 beds · 2.5 baths,206664747,Penny And Bryce,,Bozeman,45.68753,-111.10813,Entire home/apt,250,2,44,5/15/2023,1.07,1,66,12,
41296861,Condo in Bozeman · ★4.80 · 2 bedrooms · 3 beds · 1 bath,32302835,Sarah,,Bozeman,45.68301,-111.05097,Entire home/apt,246,2,184,5/23/2023,4.48,1,334,52,
41430974,Home in Bozeman · ★4.92 · 3 bedrooms · 3 beds · 1 bath,222903364,Debbie,,Bozeman,45.68406,-111.06385,Entire home/apt,233,3,114,5/15/2023,2.81,1,13,32,
41749663,Townhouse in Bozeman · ★5.0 · 3 bedrooms · 3 beds · 3 baths,329791321,Patrick,,Bozeman,45.72815,-111.06881,Entire home/apt,389,3,54,5/30/2023,1.49,1,302,14,
42307208,Guesthouse in Bozeman · 2 bedrooms · 2 beds · 1 bath,50203970,Jeff L,,Bozeman,45.67116,-111.03507,Entire home/apt,100,28,0,,,1,0,0,
42330186,Rental unit in Bozeman · ★4.98 · 2 bedrooms · 3 beds · 1 bath,80123200,Heather,,Bozeman,45.68447,-111.03725,Entire home/apt,179,1,252,5/22/2023,6.33,1,80,91,
42471467,Guesthouse in Bozeman · ★4.97 · 1 bedroom · 2 beds · 1 bath,22366054,Tessa,,Bozeman,45.68241,-111.0395,Entire home/apt,179,2,228,5/12/2023,5.83,4,279,65,
42563510,Condo in Bozeman · ★4.91 · 2 bedrooms · 2 beds · 2 baths,122381278,Evolve,,Bozeman,45.67899,-111.02318,Entire home/apt,194,2,46,3/8/2023,1.31,12,308,10,
42690670,Cottage in Bozeman · ★4.98 · 2 bedrooms · 2 beds · 2 baths,340073907,Bo And Kelley,,Bozeman,45.68404,-111.03429,Entire home/apt,286,2,102,5/23/2023,3.17,1,195,35,
42855320,Condo in Bozeman · ★4.89 · 2 bedrooms · 2 beds · 2 baths,272071216,Leslie,,Bozeman,45.67996,-111.02268,Entire home/apt,364,2,35,3/12/2023,1.23,1,232,13,
42913733,Home in Bozeman · ★4.96 · 1 bedroom · 1 bed · 1 bath,2209026,Kristen,,Bozeman,45.68401,-111.02372,Entire home/apt,189,3,70,5/15/2023,2.3,2,291,45,
43516278,Guest suite in Bozeman · ★4.77 · 2 bedrooms · 3 beds · 1 bath,26925375,Loretta & Jack,,Bozeman,45.67719,-111.03413,Entire home/apt,150,1,220,6/5/2023,6.09,2,301,70,
43624070,Townhouse in Bozeman · ★4.94 · 2 bedrooms · 2 beds · 2 baths,2485195,Kay,,Bozeman,45.6602,-111.03491,Entire home/apt,179,3,70,6/6/2023,2.93,1,33,27,
43689621,Guest suite in Bozeman · ★4.90 · 1 bedroom · 1 bed · 1 bath,22056231,Kelsey,,Bozeman,45.68567,-111.0401,Entire home/apt,119,2,162,6/5/2023,4.48,1,100,69,
43745279,Home in Bozeman · ★5.0 · 6 bedrooms · 8 beds · 6.5 baths,8224408,Paul,,Bozeman,45.6774,-111.03224,Entire home/apt,1050,3,11,4/16/2023,0.39,20,264,4,
43745323,Townhouse in Bozeman · ★5.0 · 2 bedrooms · 2 beds · 2 baths,8224408,Paul,,Bozeman,45.70601,-111.02031,Entire home/apt,523,4,9,7/10/2022,0.29,20,311,1,
43745331,Home in Bozeman · ★5.0 · 2 bedrooms · 3 beds · 2 baths,8224408,Paul,,Bozeman,45.684,-111.03084,Entire home/apt,366,4,8,3/18/2023,0.24,20,222,2,
43788075,Guesthouse in Bozeman · ★4.95 · 1 bedroom · 1 bed · 1 bath,141188755,Emily,,Bozeman,45.68597,-111.02754,Entire home/apt,215,2,151,6/4/2023,4.5,1,42,53,
43836157,Condo in Bozeman · ★4.76 · 1 bedroom · 1 bed · 1 shared bath,350610001,Garrett,,Bozeman,45.67723,-111.08987,Private room,95,2,17,2/25/2023,0.68,1,100,11,
43928912,Condo in Bozeman · ★4.94 · 1 bedroom · 1 bed · 1 bath,169754903,VR Bozeman,,Bozeman,45.67809,-111.03002,Entire home/apt,209,1,70,6/3/2023,1.98,4,5,20,
43928924,Rental unit in Bozeman · ★4.88 · 2 bedrooms · 2 beds · 1 bath,169754903,VR Bozeman,,Bozeman,45.6781,-111.03002,Entire home/apt,199,1,64,6/4/2023,1.87,4,5,18,
44062808,Home in Bozeman · ★4.93 · 4 bedrooms · 7 beds · 2.5 baths,304628102,Lisa,,Bozeman,45.64665,-111.06628,Entire home/apt,961,2,15,6/4/2023,0.62,4,347,6,
45027743,Guesthouse in Bozeman · ★5.0 · 1 bedroom · 1 bath,80104837,Arne,,Bozeman,45.67763,-111.03905,Entire home/apt,225,30,32,10/3/2022,0.99,1,319,8,
45034882,Guest suite in Bozeman · ★4.93 · 1 bedroom · 2 beds · 1 bath,360897760,Shane,,Bozeman,45.71243,-111.07922,Entire home/apt,214,3,45,2/22/2023,1.4,1,70,19,
45075319,Rental unit in Bozeman · ★4.99 · 1 bedroom · 1 bed · 1 bath,219957508,Luke,,Bozeman,45.69011,-111.06693,Entire home/apt,194,1,271,6/4/2023,8.09,1,51,97,
45179305,Home in Bozeman · ★4.98 · 2 bedrooms · 2 beds · 1 bath,31042092,Bri,,Bozeman,45.67617,-111.03435,Entire home/apt,300,3,50,5/15/2023,1.49,1,29,17,
45218288,Guest suite in Bozeman · ★4.86 · 1 bedroom · 1 bed · 1 bath,110835649,Suzanne,,Bozeman,45.68891,-111.07644,Entire home/apt,90,30,21,1/23/2023,0.63,1,6,5,
45381974,Home in Bozeman · ★4.69 · 3 bedrooms · 3 beds · 1 bath,317251520,Katie,,Bozeman,45.68437,-111.04516,Entire home/apt,150,2,48,5/27/2023,1.59,5,3,34,
45543284,Condo in Bozeman · ★5.0 · 1 bedroom · 2 beds · 1 bath,241117654,Abigail,,Bozeman,45.67711,-111.04583,Entire home/apt,212,2,51,6/5/2023,4.74,1,99,51,
45636583,Condo in Bozeman · ★4.92 · 1 bedroom · 2 beds · 1 bath,368324386,John,,Bozeman,45.67875,-111.04712,Entire home/apt,126,2,139,6/1/2023,4.33,1,217,51,
45825187,Condo in Bozeman · ★4.99 · 1 bedroom · 1 bed · 1 bath,27061791,Ambrose & Jill,,Bozeman,45.67891,-111.04717,Entire home/apt,196,2,104,6/7/2023,3.44,1,259,47,
45879842,Home in Bozeman · 4 bedrooms · 4 beds · 3 baths,3056473,Kelly,,Bozeman,45.6709,-111.03416,Entire home/apt,230,30,0,,,1,95,0,
45938327,Condo in Bozeman · ★5.0 · 2 bedrooms · 2 beds · 2 baths,346185897,Ashley,,Bozeman,45.69763,-111.06748,Entire home/apt,200,180,19,12/18/2022,0.6,1,221,6,
46104133,Home in Bozeman · ★4.75 · 3 bedrooms · 3 beds · 1 bath,104010331,Dream MT,,Bozeman,45.6807,-111.0418,Entire home/apt,605,3,36,3/7/2023,1.17,12,159,12,
46335623,Condo in Bozeman · ★4.99 · 1 bedroom · 2 beds · 1 bath,334582361,Kelly,,Bozeman,45.67867,-111.04667,Entire home/apt,198,2,93,5/22/2023,3.01,1,260,33,
46377655,Home in Bozeman · ★4.98 · 3 bedrooms · 3 beds · 2 baths,169754903,VR Bozeman,,Bozeman,45.6781,-111.03002,Entire home/apt,390,1,61,5/23/2023,2.39,4,130,32,
46570803,Townhouse in Bozeman · 2 bedrooms · 2 beds · 1.5 baths,8675457,Evan,,Bozeman,45.66636,-111.03807,Entire home/apt,104,30,2,5/1/2021,0.07,1,51,0,
46641566,Guest suite in Bozeman · ★4.92 · 1 bedroom · 2 beds · 1 bath,7161309,Orlando,,Bozeman,45.70194,-111.09763,Entire home/apt,100,28,24,5/14/2023,0.8,3,148,12,
47056552,Boutique hotel in Bozeman · ★4.88 · 1 bedroom · 1 bed · 1 private bath,318737520,RSVP Hotel,,Bozeman,45.68493,-111.04574,Private room,303,1,69,4/21/2023,2.32,8,166,12,
47056582,Boutique hotel in Bozeman · ★4.61 · 1 bedroom · 2 beds · 1 private bath,318737520,RSVP Hotel,,Bozeman,45.68493,-111.04574,Private room,319,1,31,12/28/2022,1.05,8,174,9,
47056646,Boutique hotel in Bozeman · ★4.93 · 1 bedroom · 1 bed · 1 private bath,318737520,RSVP Hotel,,Bozeman,45.68493,-111.04574,Private room,313,1,42,4/22/2023,1.47,8,154,7,
47056677,Boutique hotel in Bozeman · ★4.86 · 1 bedroom · 2 beds · 1 private bath,318737520,RSVP Hotel,,Bozeman,45.68493,-111.04574,Private room,383,1,7,10/30/2022,0.26,8,131,1,
47056720,Boutique hotel in Bozeman · 1 bedroom · 2 beds · 1 private bath,318737520,RSVP Hotel,,Bozeman,45.68493,-111.04574,Private room,383,1,1,6/3/2021,0.04,8,150,0,
47057068,Boutique hotel in Bozeman · ★4.83 · 1 bedroom · 2 beds · 1 private bath,318737520,RSVP Hotel,,Bozeman,45.68493,-111.04574,Private room,310,1,128,4/11/2023,4.31,8,187,37,
47097461,Boutique hotel in Bozeman · 1 bedroom · 1 bed · 1 private bath,318737520,RSVP Hotel,,Bozeman,45.68493,-111.04574,Private room,363,1,1,3/14/2021,0.04,8,177,0,
47314704,Bungalow in Bozeman · ★5.0 · 1 bedroom · 1 bed · 1 bath,304628102,Lisa,,Bozeman,45.64692,-111.06451,Entire home/apt,264,1,50,6/4/2023,1.78,4,276,19,
47359172,Condo in Bozeman · ★4.85 · 1 bedroom · 2 beds · 1 bath,78849013,Stay Montana,,Bozeman,45.69799,-111.04381,Entire home/apt,175,1,55,5/16/2023,1.94,13,331,17,
47469271,Rental unit in Bozeman · ★5.0 · 2 bedrooms · 3 beds · 1 bath,207748076,Richard,,Bozeman,45.67369,-111.05462,Entire home/apt,148,1,12,6/6/2023,0.94,1,27,10,
47501268,Guest suite in Bozeman · ★4.98 · 1 bedroom · 1 bed · 1 bath,42711132,Chris,,Bozeman,45.68314,-111.11397,Entire home/apt,165,2,65,5/28/2023,2.71,1,64,23,
47769612,Rental unit in Bozeman · ★4.92 · 3 bedrooms · 4 beds · 1 bath,374451536,Dan,,Bozeman,45.68167,-111.04303,Entire home/apt,239,2,85,6/1/2023,2.99,3,328,32,
47871817,Rental unit in Bozeman · ★4.79 · Studio · 1 bed · 1 bath,317251520,Katie,,Bozeman,45.68263,-111.0459,Entire home/apt,125,1,147,6/5/2023,5.49,5,51,88,
47885451,Condo in Bozeman · ★4.66 · 1 bedroom · 1 bed · 1 bath,158595657,Mountain Home,,Bozeman,45.692997,-111.03537,Entire home/apt,165,1,29,6/4/2023,1.05,24,284,15,
47890304,Condo in Bozeman · ★4.98 · 1 bedroom · 2 beds · 1 bath,21834257,Jacqui,,Bozeman,45.67861,-111.04845,Entire home/apt,166,2,104,6/4/2023,3.66,1,269,53,
47906487,Rental unit in Bozeman · ★4.89 · 1 bedroom · 2 beds · 1 bath,374451536,Dan,,Bozeman,45.6814,-111.04336,Entire home/apt,172,2,100,6/5/2023,3.6,3,317,40,
47976105,Home in Bozeman · ★4.76 · 1 bedroom · 1 bed · 1 shared bath,115915425,Kathy,,Bozeman,45.68898,-111.09094,Private room,98,1,113,5/13/2023,4.03,1,118,43,
48030423,Condo in Bozeman · ★4.81 · 2 bedrooms · 2 beds · 2 baths,158595657,Mountain Home,,Bozeman,45.692997,-111.03537,Entire home/apt,275,1,26,4/20/2023,0.93,24,299,10,
48122335,Townhouse in Bozeman · ★4.99 · 1 bedroom · 2 beds · 1 bath,103773075,Bozeman Montana,,Bozeman,45.684978,-111.041138,Entire home/apt,159,2,74,5/30/2023,2.63,4,245,29,
48167177,Rental unit in Bozeman · ★4.94 · 1 bedroom · 1 bed · 1 bath,4080107,Elise,,Bozeman,45.67814,-111.04756,Entire home/apt,222,2,115,4/24/2023,4.19,2,0,47,
48168037,Rental unit in Bozeman · ★4.85 · 1 bedroom · 1 bed · 1 bath,4080107,Elise,,Bozeman,45.67814,-111.04756,Entire home/apt,202,2,131,4/24/2023,4.75,2,0,48,
48200822,Guest suite in Bozeman · ★4.99 · Studio · 1 bed · 1 bath,150728239,Jessica,,Bozeman,45.67223,-111.05334,Entire home/apt,176,2,182,6/3/2023,6.58,1,170,77,
48428210,Condo in Bozeman · ★5.0 · 1 bedroom · 1 bed · 1 bath,205470126,Chris,,Bozeman,45.69575,-111.06925,Entire home/apt,86,30,21,10/11/2022,0.78,1,0,7,
48563248,Rental unit in Bozeman · ★4.96 · 2 bedrooms · 2 beds · 2 baths,166104792,Caleb And Madison,,Bozeman,45.68246,-111.0395,Entire home/apt,307,2,69,5/15/2023,3.93,3,101,44,
48700264,Townhouse in Bozeman · ★5.0 · 3 bedrooms · 4 beds · 2.5 baths,44342268,Sam,,Bozeman,45.67977,-111.09713,Entire home/apt,265,4,18,4/25/2023,0.7,1,224,10,
48793153,Home in Bozeman · ★4.86 · 4 bedrooms · 8 beds · 2 baths,393645536,Arik And Rachel,,Bozeman,45.6886,-111.05629,Entire home/apt,532,3,42,4/16/2023,1.66,1,269,21,
48935787,Condo in Bozeman · ★4.50 · 1 bedroom · 2 beds · 1 bath,78849013,Stay Montana,,Bozeman,45.67738,-111.04844,Entire home/apt,117,30,4,12/17/2022,0.18,13,343,2,
48974287,Guesthouse in Bozeman · ★4.88 · 1 bedroom · 1 bed · 1 bath,6343008,Drew,,Bozeman,45.69076,-111.09523,Entire home/apt,115,3,26,5/21/2023,1.58,1,112,24,
48979458,Home in Bozeman · ★4.95 · 2 bedrooms · 2 beds · 2 baths,179304077,Jami,,Bozeman,45.7123,-111.07869,Entire home/apt,300,2,19,3/4/2023,0.82,1,129,7,
49045151,Home in Bozeman · ★4.88 · 2 bedrooms · 2 beds · 1 bath,174302859,Alayna,,Bozeman,45.66575,-111.04137,Entire home/apt,93,30,8,5/10/2023,0.32,1,103,6,
49073791,Home in Bozeman · ★4.80 · 3 bedrooms · 4 beds · 3 baths,104010331,Dream MT,,Bozeman,45.68423,-111.07858,Entire home/apt,660,2,10,2/13/2023,0.41,12,316,4,
49096743,Guesthouse in Bozeman · ★4.97 · 1 bedroom · 1 bed · 1 bath,395972229,Cody,,Bozeman,45.68955,-111.09403,Entire home/apt,144,2,118,6/4/2023,4.9,1,133,76,
49196937,Townhouse in Bozeman · ★5.0 · 3 bedrooms · 3 beds · 3 baths,8224408,Paul,,Bozeman,45.68184,-111.03656,Entire home/apt,418,4,5,3/19/2022,0.21,20,284,0,
49426669,Townhouse in Bozeman · ★4.67 · 3 bedrooms · 4 beds · 2 baths,398642839,Dirk,,Bozeman,45.67139,-111.05733,Entire home/apt,183,28,6,7/31/2022,0.24,1,118,1,
49479730,Home in Bozeman · ★4.95 · 1 bedroom · 1 bed · 1.5 baths,157964488,Alex,,Bozeman,45.69524,-111.08023,Private room,108,1,73,5/22/2023,2.93,1,28,33,
49563956,Home in Bozeman · ★5.0 · 1 bedroom · 1 bed · 1 bath,72406868,Jeni,,Bozeman,45.68445,-111.10134,Entire home/apt,232,1,90,5/29/2023,3.79,2,335,44,
49585772,Condo in Bozeman · ★4.94 · 1 bedroom · 2 beds · 0 baths,122381278,Evolve,,Bozeman,45.67814,-111.04756,Entire home/apt,121,3,47,5/22/2023,1.88,12,300,20,
49638052,Condo in Bozeman · ★4.88 · 1 bedroom · 2 beds · 1 bath,16439933,Caitlin,,Bozeman,45.67699,-111.04735,Entire home/apt,232,3,50,3/1/2023,2.06,1,72,22,
49733705,Guest suite in Bozeman · ★4.85 · Studio · 2 beds · 1 bath,25065063,Kura,,Bozeman,45.6834,-111.03743,Entire home/apt,126,1,167,5/20/2023,6.84,2,116,73,
49748930,Home in Bozeman · ★5.0 · 1 bedroom · 1 bed · 1 bath,158595657,Mountain Home,,Bozeman,45.683002,-111.10436,Entire home/apt,220,1,22,5/12/2023,1.37,24,246,16,
49748933,Home in Bozeman · ★4.89 · 3 bedrooms · 3 beds · 2 baths,158595657,Mountain Home,,Bozeman,45.683002,-111.10436,Entire home/apt,385,1,19,6/4/2023,0.8,24,318,12,
49808248,Townhouse in Bozeman · ★4.99 · 3 bedrooms · 4 beds · 2.5 baths,163200599,Julie,,Bozeman,45.70247,-111.07547,Entire home/apt,269,2,82,5/29/2023,3.38,1,111,34,
50075610,Condo in Bozeman · ★4.99 · 1 bedroom · 2 beds · 1 bath,219491,Elinor (Ellie),,Bozeman,45.678143,-111.047562,Entire home/apt,202,1,115,5/31/2023,4.79,3,263,60,
50191565,Townhouse in Bozeman · ★5.0 · 3 bedrooms · 3 beds · 3.5 baths,158595657,Mountain Home,,Bozeman,45.68403,-111.04221,Entire home/apt,800,1,24,5/27/2023,1.15,24,301,16,
50196973,Home in Bozeman · ★4.95 · 2 bedrooms · 2 beds · 2 baths,103773075,Bozeman Montana,,Bozeman,45.684978,-111.041138,Entire home/apt,242,3,22,5/14/2023,0.93,4,136,7,
50246548,Home in Bozeman · ★4.96 · 1 bedroom · 4 beds · 1 bath,3083856,Carrie,,Bozeman,45.678143,-111.047562,Entire home/apt,229,2,82,5/20/2023,3.66,2,233,34,
50306115,Home in Bozeman · ★4.71 · 3 bedrooms · 3 beds · 2 baths,158595657,Mountain Home,,Bozeman,45.684452,-111.03921,Entire home/apt,250,1,17,5/30/2023,0.86,24,293,11,
50323448,Townhouse in Bozeman · ★5.0 · 1 bedroom · 1 bed · 1.5 baths,32162998,Sarah,,Bozeman,45.68566,-111.06898,Private room,79,1,94,5/27/2023,3.98,2,59,56,
50372449,Home in Bozeman · ★5.0 · 3 bedrooms · 3 beds · 2 baths,8224408,Paul,,Bozeman,45.68456,-111.03168,Entire home/apt,303,3,12,5/15/2023,0.66,20,48,9,
50394284,Rental unit in Bozeman · ★4.79 · 1 bedroom · 1 bed · 1 bath,158595657,Mountain Home,,Bozeman,45.684196,-111.039215,Entire home/apt,275,1,24,11/21/2022,1.06,24,0,6,
50520697,Guest suite in Bozeman · ★4.64 · 1 bedroom · 1 bed · 1 bath,26925375,Loretta & Jack,,Bozeman,45.67571,-111.0337,Entire home/apt,149,1,28,5/11/2023,1.17,2,201,13,
50523660,Townhouse in Bozeman · 3 bedrooms · 7 beds · 2.5 baths,222135275,Lauren,,Bozeman,45.64775,-111.05836,Entire home/apt,250,30,1,1/27/2022,0.06,3,258,0,
50570285,Home in Bozeman · 3 bedrooms · 3 beds · 2 baths,147570980,Catherine,,Bozeman,45.66997,-111.04194,Entire home/apt,200,30,2,10/9/2022,0.12,2,328,1,
50675728,Condo in Bozeman · ★5.0 · 1 bedroom · 2 beds · 1 bath,87338185,Carrie,,Bozeman,45.678093,-111.046989,Entire home/apt,207,2,37,6/5/2023,2.3,2,150,20,
50708956,Condo in Bozeman · ★5.0 · 3 bedrooms · 4 beds · 2.5 baths,112975939,Haley,,Bozeman,45.69015,-111.11133,Entire home/apt,319,3,57,5/29/2023,2.44,1,315,34,
50728320,Home in Bozeman · ★5.0 · 2 bedrooms · 2 beds · 2 baths,32764991,Deirdre,,Bozeman,45.69171,-111.05384,Entire home/apt,145,2,42,6/3/2023,1.8,1,3,24,
50779683,Guest suite in Bozeman · ★4.91 · 2 bedrooms · 3 beds · 1 bath,109930487,Dave,,Bozeman,45.67375,-111.04656,Entire home/apt,158,2,100,6/7/2023,4.28,2,44,20,
50912777,Home in Bozeman · ★4.98 · 1 bedroom · 2 beds · 1 bath,44596719,Jade,,Bozeman,45.68237,-111.03447,Entire home/apt,241,1,123,6/4/2023,6.37,2,307,76,
50980152,Guesthouse in Bozeman · ★4.95 · 1 bedroom · 1 bed · 1 bath,62405798,Ana,,Bozeman,45.674362,-111.033211,Entire home/apt,112,3,133,5/27/2023,6.1,1,3,65,
50980860,Home in Bozeman · ★5.0 · 4 bedrooms · 4 beds · 3 baths,8224408,Paul,,Bozeman,45.6818,-111.03596,Entire home/apt,387,3,11,12/12/2022,0.48,20,192,5,
51045978,Home in Bozeman · ★4.72 · 4 bedrooms · 4 beds · 2 baths,88384454,Amy,,Bozeman,45.67344,-111.03134,Entire home/apt,357,3,29,5/15/2023,1.3,1,206,14,
51088432,Condo in Bozeman · ★4.98 · 1 bedroom · 2 beds · 1 bath,21497881,Victoria,,Bozeman,45.67889,-111.04787,Entire home/apt,157,28,54,5/7/2023,2.58,1,249,38,
51127349,Guesthouse in Bozeman · ★4.95 · 1 bedroom · 1 bath,62778374,John,,Bozeman,45.68703,-111.03264,Entire home/apt,185,3,44,5/14/2023,1.93,1,63,21,
51169010,Guesthouse in Bozeman · ★4.96 · 1 bedroom · 1 bed · 1.5 baths,409136809,Ryan,,Bozeman,45.68515,-111.02527,Entire home/apt,228,2,23,6/5/2023,1.07,1,37,9,
51169850,Townhouse in Bozeman · ★4.94 · 2 bedrooms · 2 beds · 2.5 baths,56404884,Sharon,,Bozeman,45.70245,-111.073448,Entire home/apt,352,2,49,4/23/2023,2.45,1,174,26,
51214592,Condo in Bozeman · ★4.93 · 1 bedroom · 1 bed · 1 bath,290273936,Mike,,Bozeman,45.70476,-111.02489,Entire home/apt,152,2,46,5/28/2023,2.57,1,293,27,
51225637,Condo in Bozeman · ★4.64 · 1 bedroom · 2 beds · 1 bath,414692326,Kenneth,,Bozeman,45.68211,-111.04655,Entire home/apt,135,2,53,4/2/2023,2.34,1,292,30,
51244535,Guest suite in Bozeman · ★5.0 · 1 bedroom · 1 bed · 1 bath,53146419,Olivia,,Bozeman,45.63529,-111.03558,Entire home/apt,65,5,8,1/16/2023,0.37,1,35,1,
51361417,Home in Bozeman · ★4.98 · 3 bedrooms · 5 beds · 2.5 baths,44712267,Emily,,Bozeman,45.6867,-111.05498,Entire home/apt,273,3,54,6/4/2023,2.42,1,16,24,
51366615,Rental unit in Bozeman · 2 bedrooms · 2 beds · 1 bath,91012372,Peter,,Bozeman,45.66675,-111.04363,Entire home/apt,110,30,1,4/20/2022,0.07,3,240,0,
51390028,Guest suite in Bozeman · ★4.88 · 2 bedrooms · 2 beds · 1 bath,32865949,Laura,,Bozeman,45.67125,-111.05764,Entire home/apt,165,1,32,2/13/2023,2.02,1,99,27,
51421125,Condo in Bozeman · ★4.94 · 1 bedroom · 1 bed · 1 bath,416457956,Sean,,Bozeman,45.69817,-111.0463,Entire home/apt,137,2,34,6/4/2023,1.54,1,295,17,
51543047,Guest suite in Bozeman · ★4.92 · 2 bedrooms · 4 beds · 1 bath,391326883,Ken,,Bozeman,45.68875,-111.06034,Entire home/apt,231,1,66,5/13/2023,2.98,1,152,31,
51563790,Guest suite in Bozeman · ★4.98 · 1 bedroom · 2 beds · 1 bath,278688460,Jane,,Bozeman,45.67376,-111.04977,Entire home/apt,161,2,51,6/1/2023,3.23,1,63,38,
51750090,Home in Bozeman · ★5.0 · 3 bedrooms · 3 beds · 2.5 baths,72406868,Jeni,,Bozeman,45.68561,-111.1115,Entire home/apt,309,28,3,5/25/2023,0.15,2,0,2,
51825573,Cottage in Bozeman · ★4.95 · 2 bedrooms · 2 beds · 1 bath,1259005,Alexandria,,Bozeman,45.68341,-111.02837,Entire home/apt,173,2,58,6/3/2023,2.78,1,221,42,
51946585,Condo in Bozeman · ★4.91 · 2 bedrooms · 3 beds · 2 baths,228054571,Jake,,Bozeman,45.68354,-111.0772,Entire home/apt,229,3,86,6/3/2023,4.39,1,125,44,
52005720,Home in Bozeman · ★5.0 · 1 bedroom · 1 bed · 1 bath,103773075,Bozeman Montana,,Bozeman,45.685394,-111.034073,Entire home/apt,218,3,27,5/30/2023,1.32,4,265,18,
52108283,Home in Bozeman · ★4.90 · 3 bedrooms · 4 beds · 2.5 baths,14079951,Vanessa,,Bozeman,45.67593,-111.08834,Entire home/apt,140,2,10,4/30/2022,0.56,1,41,0,
52151869,Townhouse in Bozeman · ★4.97 · 4 bedrooms · 8 beds · 4.5 baths,422206219,Will,,Bozeman,45.72902,-111.06896,Entire home/apt,599,2,38,5/14/2023,1.86,1,282,22,
52164011,Condo in Bozeman · ★4.82 · 1 bedroom · 1 bed · 1 bath,317251520,Katie,,Bozeman,45.7102,-111.07245,Entire home/apt,121,1,153,6/7/2023,7.22,5,71,113,
52225142,Condo in Bozeman · ★4.89 · 3 bedrooms · 3 beds · 2.5 baths,9358423,Julie,,Bozeman,45.68884,-111.11367,Entire home/apt,222,3,27,6/4/2023,1.32,1,178,14,
52225520,Guest suite in Bozeman · ★4.99 · 1 bedroom · 1 bed · 1 bath,20710905,Jacquie,,Bozeman,45.67602,-111.04499,Entire home/apt,136,2,81,5/21/2023,4.05,1,174,47,
52258846,Condo in Bozeman · ★4.94 · 2 bedrooms · 3 beds · 1 bath,104010331,Dream MT,,Bozeman,45.68708,-111.04451,Entire home/apt,440,2,17,9/5/2022,0.83,12,350,11,
52281958,Rental unit in Bozeman · ★4.93 · 2 bedrooms · 2 beds · 1 bath,7161309,Orlando,,Bozeman,45.6781,-111.0492,Entire home/apt,147,4,83,5/21/2023,4.45,3,124,51,
52289413,Serviced apartment in Bozeman · ★4.96 · 3 bedrooms · 3 beds · 2 baths,193758323,Jill,,Bozeman,45.70129,-111.08758,Entire home/apt,386,3,24,5/14/2023,1.17,3,105,13,
52290982,Serviced apartment in Bozeman · ★4.96 · 1 bedroom · 1 bed · 1 bath,193758323,Jill,,Bozeman,45.70214,-111.08737,Entire home/apt,207,2,27,5/1/2023,1.29,3,12,15,
52296660,Serviced apartment in Bozeman · ★4.91 · 1 bedroom · 1 bed · 1 bath,193758323,Jill,,Bozeman,45.70224,-111.08906,Entire home/apt,250,2,57,3/20/2023,2.75,3,4,22,
52303432,Condo in Bozeman · ★4.83 · 1 bedroom · 2 beds · 1 bath,271534497,Jason,,Bozeman,45.67752,-111.04834,Entire home/apt,175,3,24,5/13/2023,1.24,2,107,16,
52305194,Home in Bozeman · ★4.95 · 4 bedrooms · 4 beds · 2.5 baths,423332913,Mark,,Bozeman,45.69858,-111.08652,Entire home/apt,450,2,20,5/14/2023,0.98,1,55,12,
52351450,Condo in Bozeman · ★5.0 · 2 bedrooms · 3 beds · 2 baths,104010331,Dream MT,,Bozeman,45.68707,-111.04493,Entire home/apt,550,2,14,5/14/2023,0.81,12,346,10,
52422650,Condo in Bozeman · ★5.0 · 2 bedrooms · 2 beds · 2 baths,104010331,Dream MT,,Bozeman,45.68734,-111.04552,Entire home/apt,550,2,3,7/29/2022,0.25,12,326,3,
52436764,Guest suite in Bozeman · ★4.97 · 2 bedrooms · 2 beds · 1 bath,3502709,Dylan,,Bozeman,45.67353,-111.05489,Entire home/apt,132,1,148,6/4/2023,8.24,1,7,86,
52441838,Guest suite in Bozeman · ★4.81 · 1 bedroom · 1 bed · 1 private bath,35291991,Tiera,,Bozeman,45.71549,-111.02984,Private room,92,1,21,6/5/2023,1.04,1,130,20,
52457187,Rental unit in Bozeman · ★5.0 · 1 bedroom · 1 bed · 1 bath,357080696,Cooper,,Bozeman,45.686,-111.06332,Entire home/apt,215,28,9,2/27/2023,0.49,1,301,5,
52513808,Condo in Bozeman · ★4.92 · 2 bedrooms · 2 beds · 2 baths,425045303,Jamie And Luke,,Bozeman,45.68736,-111.04531,Entire home/apt,255,3,25,5/14/2023,1.47,1,77,18,
52517800,Home in Bozeman · ★4.93 · 4 bedrooms · 5 beds · 4 baths,1015718,Shannon,,Bozeman,45.64745,-111.04026,Entire home/apt,299,3,14,2/6/2023,0.69,1,2,6,
52537069,Rental unit in Bozeman · ★4.84 · 3 bedrooms · 4 beds · 1 bath,374451536,Dan,,Bozeman,45.68256,-111.04365,Entire home/apt,237,2,44,5/14/2023,2.2,3,344,26,
52570170,Condo in Bozeman · ★4.82 · 2 bedrooms · 3 beds · 1.5 baths,12702811,Carla,,Bozeman,45.67941,-111.03955,Entire home/apt,226,3,39,4/24/2023,2.18,2,226,25,
52610317,Rental unit in Bozeman · ★4.96 · Studio · 3 beds · 1 bath,12702811,Carla,,Bozeman,45.67979,-111.039,Entire home/apt,281,3,48,5/20/2023,3.18,2,230,41,
52615844,Condo in Bozeman · ★4.73 · 1 bedroom · 2 beds · 1 bath,78849013,Stay Montana,,Bozeman,45.69981,-111.04548,Entire home/apt,175,1,26,3/5/2023,1.36,13,334,11,
52629865,Townhouse in Bozeman · ★4.25 · 2 bedrooms · 2 beds · 1 bath,122381278,Evolve,,Bozeman,45.66863,-111.04056,Entire home/apt,91,30,4,3/1/2023,0.27,12,264,2,
52809552,Home in Bozeman · ★5.0 · 1 bedroom · 1 bed · 1 bath,8224408,Paul,,Bozeman,45.68303,-111.02689,Entire home/apt,229,4,11,3/26/2023,0.58,20,197,5,
52874624,Home in Bozeman · 4 bedrooms · 5 beds · 4 baths,122381278,Evolve,,Bozeman,45.64698,-111.03991,Entire home/apt,121,30,1,2/20/2022,0.06,12,7,0,
52894917,Home in Bozeman · ★4.92 · 4 bedrooms · 4 beds · 3.5 baths,122381278,Evolve,,Bozeman,45.65946,-111.02262,Entire home/apt,395,2,13,11/13/2022,0.68,12,315,7,
53149809,Condo in Bozeman · ★4.93 · 1 bedroom · 1 bed · 1 bath,158595657,Mountain Home,,Bozeman,45.687916,-111.044533,Entire home/apt,260,1,14,4/26/2023,0.87,24,331,10,
53151215,Condo in Bozeman · 1 bedroom · 1 bath,417219481,Olivia,,Bozeman,45.67959,-111.03882,Entire home/apt,261,28,1,9/2/2022,0.11,1,49,1,
53233707,Home in Bozeman · ★4.67 · 5 bedrooms · 6 beds · 3 baths,158595657,Mountain Home,,Bozeman,45.679832,-111.101501,Entire home/apt,449,1,9,8/16/2022,0.6,24,1,6,
53278276,Guesthouse in Bozeman · 1 bedroom · 1 bed · 1 bath,388858579,Neil,,Bozeman,45.6805,-111.09865,Entire home/apt,120,30,1,9/20/2022,0.11,4,189,1,
53281258,Condo in Bozeman · ★5.0 · Studio · 1 bed · 1 bath,225774632,Joe And Michelle,,Bozeman,45.68814,-111.04543,Entire home/apt,259,2,7,2/22/2023,0.39,3,329,2,
53302545,Rental unit in Bozeman · ★4.79 · 1 bedroom · 2 beds · 1 bath,430914923,Residence Inn Bozeman,,Bozeman,45.6808,-111.02497,Entire home/apt,340,1,19,2/12/2023,1.06,2,89,6,
53302552,Rental unit in Bozeman · ★4.88 · 1 bedroom · 3 beds · 1 bath,430914923,Residence Inn Bozeman,,Bozeman,45.68022,-111.02528,Entire home/apt,350,1,24,5/17/2023,1.34,2,110,12,
53344108,Home in Bozeman · ★4.87 · 3 bedrooms · 4 beds · 1.5 baths,243371257,Travis,,Bozeman,45.68305,-111.04943,Entire home/apt,309,2,78,5/21/2023,4.19,1,327,46,
53395300,Rental unit in Bozeman · ★4.13 · 1 bedroom · 1 bed · 1 bath,158595657,Mountain Home,,Bozeman,45.683842,-111.039383,Entire home/apt,245,1,16,4/6/2023,0.9,24,340,11,
53444312,Home in Bozeman · ★4.97 · 3 bedrooms · 4 beds · 2 baths,191771128,Muneer,,Bozeman,45.68639,-111.11332,Entire home/apt,213,2,35,6/5/2023,3.05,1,95,35,
53493470,Condo in Bozeman · ★5.0 · 2 bedrooms · 3 beds · 2 baths,194602628,Lori,,Bozeman,45.678993,-111.022896,Entire home/apt,254,2,64,5/30/2023,3.59,1,157,49,
53607095,Condo in Bozeman · ★5.0 · 1 bedroom · 1 bed · 1 bath,225774632,Joe And Michelle,,Bozeman,45.68674,-111.04384,Entire home/apt,222,2,17,6/4/2023,0.97,3,279,8,
53611532,Townhouse in Bozeman · ★4.94 · 2 bedrooms · 3 beds · 1 bath,324665946,James,,Bozeman,45.68783,-111.04264,Entire home/apt,203,3,31,5/26/2023,2.44,1,298,30,
53614256,Condo in Bozeman · ★5.0 · 2 bedrooms · 2 beds · 2 baths,225774632,Joe And Michelle,,Bozeman,45.68691,-111.0441,Entire home/apt,349,2,21,5/7/2023,1.17,3,238,13,
53631171,Condo in Bozeman · ★4.78 · 3 bedrooms · 3 beds · 2 baths,434235941,Tuyet Ngan Thi,,Bozeman,45.67677,-111.06252,Entire home/apt,225,1,27,10/30/2022,1.54,3,218,15,
53663663,Condo in Bozeman · ★5.0 · 1 bedroom · 1 bed · 1 bath,339686590,Shaylee,,Bozeman,45.68752,-111.04418,Entire home/apt,218,3,36,5/31/2023,2.05,1,322,28,
53679965,Condo in Bozeman · ★4.82 · 1 bedroom · 1 bed · 1 shared bath,19442684,John,,Bozeman,45.67825,-111.07866,Private room,140,4,38,5/23/2023,2.24,2,284,26,
53699638,Home in Bozeman · ★4.50 · 2 bedrooms · 2 beds · 0 baths,104010331,Dream MT,,Bozeman,45.71380234,-111.0749435,Entire home/apt,220,7,6,7/3/2022,0.35,12,364,1,
53740492,Condo in Bozeman · ★5.0 · 2 bedrooms · 3 beds · 1.5 baths,20374203,Laura,,Bozeman,45.68135,-111.04824,Entire home/apt,217,3,13,6/4/2023,1,1,197,12,
53888773,Cottage in Bozeman · ★4.97 · 1 bedroom · 2 beds · 1 bath,22366054,Tessa,,Bozeman,45.68502,-111.02585,Entire home/apt,151,2,94,5/30/2023,5.89,4,258,81,
54002559,Townhouse in Bozeman · ★5.0 · 2 bedrooms · 2 beds · 2.5 baths,308336264,Bonnie And Sam,,Bozeman,45.72918,-111.06765,Entire home/apt,120,180,4,5/15/2023,0.25,1,35,2,
54034685,Home in Bozeman · ★5.0 · 4 bedrooms · 4 beds · 3.5 baths,8224408,Paul,,Bozeman,45.67426,-111.03344,Entire home/apt,418,3,16,4/21/2023,0.96,20,147,7,
54056354,Home in Bozeman · ★4.68 · 4 bedrooms · 4 beds · 2.5 baths,158595657,Mountain Home,,Bozeman,45.677101,-111.042,Entire home/apt,480,1,31,6/3/2023,1.98,24,125,24,
54130937,Rental unit in Bozeman · ★4.59 · 1 bedroom · 1 bed · 1 shared bath,438835491,Marylin,,Bozeman,45.68396,-111.07816,Private room,100,1,17,7/6/2022,1.02,1,339,10,
54241392,Home in Bozeman · ★4.85 · 1 bedroom · 1 bed · 1 private bath,162342143,Evelyn,,Bozeman,45.67403,-111.08651,Private room,85,1,53,5/18/2023,3.31,1,159,33,
54307070,Condo in Bozeman · ★4.63 · 3 bedrooms · 3 beds · 2 baths,434235941,Tuyet Ngan Thi,,Bozeman,45.6751,-111.06412,Entire home/apt,299,30,19,10/2/2022,1.18,3,39,13,
5.17216E+17,Condo in Bozeman · 2 bedrooms · 2 beds · 2 baths,282205909,JJ & Heather,,Bozeman,45.70085,-111.07206,Entire home/apt,150,29,2,1/14/2023,0.25,2,20,2,
5.3786E+17,Condo in Bozeman · ★4.94 · 3 bedrooms · 3 beds · 2.5 baths,97952734,Brandy,,Bozeman,45.70952,-111.07947,Entire home/apt,170,2,50,6/5/2023,3.03,1,167,40,
5.39134E+17,Home in Bozeman · ★5.0 · 1 bedroom · 1 bed · 1 bath,74119738,Jane,,Bozeman,45.68754959,-111.056282,Entire home/apt,302,2,10,5/14/2023,1.03,1,271,10,
5.46426E+17,Townhouse in Bozeman · ★5.0 · 3 bedrooms · 3 beds · 2 baths,441798626,Renee,,Bozeman,45.6786,-111.05832,Entire home/apt,375,3,16,5/16/2023,1.06,2,289,14,
5.48783E+17,Guesthouse in Bozeman · ★4.97 · 1 bedroom · 1 bed · 1 bath,109930487,Dave,,Bozeman,45.6725,-111.04836,Entire home/apt,241,1,118,6/6/2023,7.14,2,49,81,
5.52885E+17,Condo in Bozeman · ★4.88 · 2 bedrooms · 2 beds · 1 bath,87300632,Liz,,Bozeman,45.68752,-111.04546,Entire home/apt,194,3,25,3/26/2023,1.61,4,313,15,
5.53434E+17,Vacation home in Bozeman · 2 bedrooms · 2 beds · 2.5 baths,9851660,Tanya,,Bozeman,45.670395,-111.007668,Entire home/apt,325,2,2,5/25/2023,2,2,289,2,
5.53666E+17,Home in Bozeman · ★5.0 · 3 bedrooms · 2 beds · 2.5 baths,7704883,Christyn,,Bozeman,45.66909,-111.0083,Entire home/apt,470,2,12,5/29/2023,0.79,2,140,9,
5.53735E+17,Guesthouse in Bozeman · ★4.79 · 1 bedroom · 1 bed · 1 bath,339573404,Katelynn,,Bozeman,45.68029,-111.104,Entire home/apt,118,2,42,5/31/2023,3.59,1,11,42,
5.54209E+17,Home in Bozeman · ★5.0 · 3 bedrooms · 3 beds · 2.5 baths,19523133,Pele,,Bozeman,45.66941,-111.00801,Entire home/apt,348,2,19,6/1/2023,1.22,2,306,14,
5.54495E+17,Townhouse in Bozeman · ★5.0 · 3 bedrooms · 3 beds · 3 baths,283815228,Michael,,Bozeman,45.68733,-111.08563,Entire home/apt,150,28,7,4/10/2023,0.49,1,240,6,
5.57818E+17,Home in Bozeman · 3 bedrooms · 3 beds · 2 baths,149465780,Cathleen,,Bozeman,45.67498,-111.03694,Entire home/apt,650,30,0,,,1,339,0,
5.59527E+17,Condo in Bozeman · ★5.0 · 3 bedrooms · 4 beds · 2.5 baths,78849013,Stay Montana,,Bozeman,45.64804,-111.06813,Entire home/apt,140,30,3,4/30/2023,0.26,13,285,3,
5.61718E+17,Home in Bozeman · ★5.0 · 2 bedrooms · 2 beds · 2.5 baths,215007281,Jack,,Bozeman,45.67048,-111.00591,Entire home/apt,299,3,3,5/14/2023,0.61,1,283,3,
5.62968E+17,Home in Bozeman · ★5.0 · 3 bedrooms · 4 beds · 2.5 baths,241144375,Jess,,Bozeman,45.66932,-111.00739,Entire home/apt,589,2,21,5/15/2023,1.33,1,128,18,
5.65096E+17,Home in Bozeman · ★4.83 · 3 bedrooms · 3 beds · 2 baths,324938857,Laura,,Bozeman,45.67642,-111.11467,Entire home/apt,332,2,6,8/14/2022,0.49,1,58,5,
5.6598E+17,Home in Bozeman · ★4.54 · 4 bedrooms · 5 beds · 2.5 baths,9247074,Heather,,Bozeman,45.69146,-111.07512,Entire home/apt,232,5,13,5/28/2023,1.55,1,225,13,
5.66508E+17,Townhouse in Bozeman · 3 bedrooms · 2 beds · 2.5 baths,87144196,Juli,,Bozeman,45.69065,-111.11207,Entire home/apt,152,21,2,8/14/2022,0.17,1,266,2,
5.67679E+17,Rental unit in Bozeman · ★4.88 · 2 bedrooms · 4 beds · 1 bath,25065063,Kura,,Bozeman,45.68391,-111.03873,Entire home/apt,171,1,17,5/21/2023,3.78,2,20,17,
5.70188E+17,Rental unit in Bozeman · ★4.98 · 2 bedrooms · 3 beds · 1 bath,85914608,John,,Bozeman,45.68084,-111.0482,Entire home/apt,255,1,52,6/4/2023,5.32,2,51,52,
5.73393E+17,Home in Bozeman · ★4.92 · 3 bedrooms · 7 beds · 2.5 baths,335057978,Michael,,Bozeman,45.68463,-111.11807,Entire home/apt,349,2,13,1/10/2023,0.85,1,289,10,
5.734E+17,Rental unit in Bozeman · ★4.98 · 2 bedrooms · 2 beds · 1 bath,127451313,Pamela,,Bozeman,45.673515,-111.03756,Entire home/apt,229,1,45,6/2/2023,3.03,2,297,37,
5.73986E+17,Home in Bozeman · ★5.0 · 1 bedroom · 1 bed · 1 shared bath,54402419,Kelley,,Bozeman,45.69445,-111.07512,Private room,125,2,3,8/23/2022,0.2,1,83,2,
5.77636E+17,Condo in Bozeman · ★4.95 · 1 bedroom · 3 beds · 1 bath,102597941,Tom,,Bozeman,45.67809,-111.04699,Entire home/apt,131,3,40,5/23/2023,3.2,1,104,37,
5.8039E+17,Condo in Bozeman · ★5.0 · 3 bedrooms · 3 beds · 2 baths,434235941,Tuyet Ngan Thi,,Bozeman,45.6757,-111.06246,Entire home/apt,268,1,21,5/28/2023,1.43,3,298,17,
5.82076E+17,Townhouse in Bozeman · ★5.0 · 3 bedrooms · 4 beds · 2.5 baths,59950618,Kellen,,Bozeman,45.68977,-111.1095,Entire home/apt,268,2,32,5/31/2023,2.18,1,89,26,
5.84103E+17,Condo in Bozeman · ★5.0 · 3 bedrooms · 4 beds · 2.5 baths,146002701,Lyndsey,,Bozeman,45.69035,-111.10871,Entire home/apt,343,2,17,5/29/2023,1.3,1,312,15,
5.88475E+17,Home in Bozeman · ★5.0 · 4 bedrooms · 4 beds · 2 baths,91589612,Joanna,,Bozeman,45.67462,-111.0487,Entire home/apt,681,3,23,5/15/2023,1.91,1,255,23,
5.88557E+17,Home in Bozeman · ★5.0 · 2 bedrooms · 3 beds · 1 bath,143611149,Teri,,Bozeman,45.68092,-111.02621,Entire home/apt,265,2,15,6/4/2023,2.41,1,300,15,
5.89374E+17,Townhouse in Bozeman · ★4.82 · 1 bedroom · 1 bed · 1.5 baths,107412136,Gizem Elif,,Bozeman,45.68383,-111.08053,Private room,75,1,33,1/28/2023,2.53,1,65,32,
5.90007E+17,Condo in Bozeman · ★4.96 · 1 bedroom · 3 beds · 1 bath,3083856,Carrie,,Bozeman,45.67745,-111.04782,Entire home/apt,231,2,48,6/3/2023,3.4,2,150,42,
6.01375E+17,Home in Bozeman · ★5.0 · 3 bedrooms · 3 beds · 2.5 baths,7003839,Taylor,,Bozeman,45.68493,-111.09185,Entire home/apt,230,3,21,5/14/2023,1.61,1,324,19,
6.0153E+17,Townhouse in Bozeman · 2 bedrooms · 2 beds · 2.5 baths,89581672,Mackenzie,,Bozeman,45.68336,-111.08012,Entire home/apt,200,30,1,9/7/2022,0.11,1,293,1,
6.01717E+17,Guest suite in Bozeman · ★4.80 · 2 bedrooms · 2 beds · 1 bath,430868,Victoria,,Bozeman,45.66373,-111.01947,Entire home/apt,175,2,5,2/13/2023,0.51,1,0,5,
6.04774E+17,Home in Bozeman · ★5.0 · 3 bedrooms · 3 beds · 2 baths,7485966,Ilona,,Bozeman,45.67676,-111.07731,Entire home/apt,159,30,3,2/22/2023,0.27,1,268,3,
6.05833E+17,Condo in Bozeman · 1 bedroom · 1 bed · 1 bath,454462356,Greg,,Bozeman,45.6803,-111.0378,Entire home/apt,120,30,0,,,1,225,0,
6.06641E+17,Home in Bozeman · ★5.0 · 3 bedrooms · 3 beds · 2 baths,30062388,Cary,,Bozeman,45.68066,-111.0338,Entire home/apt,382,3,21,6/5/2023,1.97,1,264,21,
6.07293E+17,Townhouse in Bozeman · ★4.90 · 1 bedroom · 1 bed · 1.5 shared baths,69417001,Louisa,,Bozeman,45.67771,-111.06098,Private room,85,28,10,5/14/2023,0.8,2,221,7,
6.07365E+17,Townhouse in Bozeman · ★5.0 · 1 bedroom · 1 bed · 1.5 shared baths,69417001,Louisa,,Bozeman,45.67719,-111.06011,Private room,74,28,4,5/4/2023,0.33,2,202,4,
6.09295E+17,Condo in Bozeman · ★5.0 · 2 bedrooms · 2 beds · 1 bath,425903673,Patricia,,Bozeman,45.67801754,-111.0468779,Entire home/apt,179,3,36,6/3/2023,3.2,1,291,36,
6.09344E+17,Rental unit in Bozeman · ★4.95 · 2 bedrooms · 2 beds · 2 baths,118040416,Valérie,,Bozeman,45.69677,-111.09541,Entire home/apt,179,2,44,6/4/2023,3.38,2,46,43,
6.10334E+17,Rental unit in Bozeman · ★4.90 · 2 bedrooms · 2 beds · 2 baths,118040416,Valérie,,Bozeman,45.69601,-111.09633,Entire home/apt,150,2,50,5/21/2023,3.72,2,45,44,
6.11641E+17,Home in Bozeman · 3 bedrooms · 3 beds · 3 baths,8224408,Paul,,Bozeman,45.68331,-111.03452,Entire home/apt,256,30,1,11/5/2022,0.14,20,259,1,
6.12894E+17,Rental unit in Bozeman · ★4.94 · 2 bedrooms · 4 beds · 2 baths,441896318,Payton,,Bozeman,45.65232,-111.06922,Entire home/apt,263,1,51,5/18/2023,3.83,10,346,48,
6.14404E+17,Rental unit in Bozeman · ★4.94 · 1 bedroom · 1 bed · 1 private bath,456320631,Megan,,Bozeman,45.67106,-111.07173,Private room,113,1,31,3/7/2023,2.51,1,42,30,
6.18311E+17,Townhouse in Bozeman · 3 bedrooms · 3 beds · 2.5 baths,242597079,Katy,,Bozeman,45.7059,-111.09042,Entire home/apt,202,10,2,7/31/2022,0.17,1,31,2,
6.18335E+17,Guesthouse in Bozeman · ★4.97 · 1 bedroom · 2 beds · 1 bath,49756188,Marissa,,Bozeman,45.64516,-111.06594,Entire home/apt,166,2,32,6/6/2023,2.9,1,312,32,
6.19527E+17,Townhouse in Bozeman · 3 bedrooms · 3 beds · 2 baths,180300091,Michelle,,Bozeman,45.68038,-111.09635,Entire home/apt,299,3,2,8/20/2022,0.16,1,3,1,
6.19604E+17,Townhouse in Bozeman · ★5.0 · 3 bedrooms · 3 beds · 2.5 baths,110562093,Kelsey,,Bozeman,45.69207,-111.112221,Entire home/apt,255,2,17,5/28/2023,1.41,1,208,17,
6.20358E+17,Condo in Bozeman · ★4.71 · 2 bedrooms · 2 beds · 1 bath,40742998,Katie,,Bozeman,45.68125,-111.051,Entire home/apt,194,3,28,3/25/2023,2.3,1,107,28,
6.20806E+17,Townhouse in Bozeman · ★4.92 · 2 bedrooms · 3 beds · 1.5 baths,322166386,Han,,Bozeman,45.682636,-111.058601,Entire home/apt,126,2,39,6/1/2023,4.57,1,202,39,
6.22677E+17,Condo in Bozeman · ★4.96 · 1 bedroom · 1 bed · 1 bath,166104792,Caleb And Madison,,Bozeman,45.67761,-111.04666,Entire home/apt,155,1,48,5/28/2023,4.26,3,6,48,
6.24831E+17,Home in Bozeman · 3 bedrooms · 3 beds · 2.5 baths,282205909,JJ & Heather,,Bozeman,45.70401,-111.07344,Entire home/apt,154,60,0,,,2,252,0,
6.25488E+17,Condo in Bozeman · ★4.64 · 1 bedroom · 3 beds · 1 bath,78849013,Stay Montana,,Bozeman,45.69861,-111.04366,Entire home/apt,175,1,11,2/25/2023,0.88,13,330,10,
6.25946E+17,Townhouse in Bozeman · ★5.0 · 3 bedrooms · 3 beds · 3.5 baths,158595657,Mountain Home,,Bozeman,45.683735,-111.041245,Entire home/apt,800,1,3,2/12/2023,0.27,24,327,3,
6.26166E+17,Home in Bozeman · ★5.0 · 4 bedrooms · 6 beds · 3 baths,68861172,Erica,,Bozeman,45.68983,-111.0533,Entire home/apt,250,2,11,5/29/2023,0.99,1,102,11,
6.29235E+17,Rental unit in Bozeman · ★5.0 · 2 bedrooms · 2 beds · 1 bath,20214941,Alli,,Bozeman,45.66089,-111.03553,Entire home/apt,150,3,17,11/22/2022,1.44,1,75,17,
6.29672E+17,Guesthouse in Bozeman · ★5.0 · 1 bedroom · 2 beds · 1 bath,6542194,Jenny,,Bozeman,45.6813371,-111.0297002,Entire home/apt,198,2,30,5/22/2023,3.6,1,231,30,
6.31893E+17,Condo in Bozeman · ★4.84 · 2 bedrooms · 3 beds · 2 baths,460235948,Callahan,,Bozeman,45.651386,-111.068047,Entire home/apt,218,1,37,4/27/2023,3.01,1,350,36,
6.3536E+17,Guesthouse in Bozeman · ★4.95 · 1 bedroom · 2 beds · 1 bath,7732231,Tara,,Bozeman,45.68317,-111.10228,Entire home/apt,187,2,37,6/3/2023,3.54,1,308,37,
6.36007E+17,Guesthouse in Bozeman · ★4.97 · 1 bedroom · 1 bed · 1 bath,9859988,Tobi,,Bozeman,45.68949,-111.09475,Entire home/apt,150,2,59,6/5/2023,4.81,1,90,58,
6.37639E+17,Condo in Bozeman · ★4.60 · 1 bedroom · 2 beds · 1.5 baths,112595503,Danielle,,Bozeman,45.68679,-111.10931,Entire home/apt,124,4,5,9/6/2022,0.41,1,139,4,
6.38572E+17,Home in Bozeman · ★5.0 · 2 bedrooms · 2 beds · 2.5 baths,7704883,Christyn,,Bozeman,45.66955,-111.00584,Entire home/apt,499,2,5,2/20/2023,0.42,2,72,5,
6.39046E+17,Townhouse in Bozeman · 2 bedrooms · 3 beds · 2.5 baths,432624625,Debra,,Bozeman,45.729839,-111.067642,Entire home/apt,225,30,1,8/6/2022,0.1,1,111,1,
6.40809E+17,Guest suite in Bozeman · ★5.0 · 1 bedroom · 1 bed · 1 bath,462304758,Leslie,,Bozeman,45.65032,-111.07639,Entire home/apt,173,1,16,5/21/2023,1.53,1,315,16,
6.41335E+17,Home in Bozeman · ★4.66 · 2 bedrooms · 3 beds · 1 bath,462293753,Yanfei,,Bozeman,45.6795,-111.04563,Entire home/apt,273,1,58,5/20/2023,4.79,2,85,58,
6.4357E+17,Home in Bozeman · ★4.73 · 5 bedrooms · 5 beds · 2 baths,462293753,Yanfei,,Bozeman,45.67819,-111.04603,Entire home/apt,363,1,51,5/30/2023,4.3,2,166,51,
6.48162E+17,Condo in Bozeman · ★4.95 · 1 bedroom · 1 bed · 1 bath,219491,Elinor (Ellie),,Bozeman,45.67861,-111.04602,Entire home/apt,239,1,55,6/4/2023,4.8,3,273,55,
6.50129E+17,Townhouse in Bozeman · ★4.97 · 4 bedrooms · 4 beds · 2.5 baths,464467613,Tatanka,,Bozeman,45.70096,-111.07552,Entire home/apt,399,1,29,6/4/2023,2.83,1,296,29,
6.50949E+17,Home in Bozeman · ★5.0 · 3 bedrooms · 4 beds · 2 baths,464649532,Christie,,Bozeman,45.6790578,-111.0445128,Entire home/apt,429,2,15,5/14/2023,1.35,1,305,15,
6.52171E+17,Townhouse in Bozeman · ★4.96 · 1 bedroom · 1 bed · 1 private bath,3536705,Lindsay,,Bozeman,45.6487211,-111.0689732,Private room,91,1,54,6/2/2023,4.89,2,12,54,
6.54937E+17,Rental unit in Bozeman · ★4.75 · 1 bedroom · 1 bed · 1 bath,158595657,Mountain Home,,Bozeman,45.6841,-111.041,Entire home/apt,245,1,12,4/4/2023,1.08,24,307,12,
6.55685E+17,Home in Bozeman · ★4.94 · 3 bedrooms · 5 beds · 2 baths,53720318,Jane,,Bozeman,45.68619,-111.03955,Entire home/apt,257,2,18,5/22/2023,2.03,1,295,18,
6.60192E+17,Home in Bozeman · 1 bedroom · 1 bed · 1 bath,122919762,Cyd,,Bozeman,45.68021,-111.04241,Entire home/apt,110,30,0,,,1,221,0,
6.63645E+17,Camper/RV in Bozeman · 1 bedroom · 1 bed · Half-bath,19442684,John,,Bozeman,45.67716,-111.08301,Entire home/apt,249,3,0,,,2,365,0,
6.65302E+17,Rental unit in Bozeman · ★4.74 · 2 bedrooms · 2 beds · 1 bath,37331595,Vacasa Montana,,Bozeman,45.68692,-111.04543,Entire home/apt,230,2,23,5/21/2023,2.28,6,353,23,
6.6552E+17,Home in Bozeman · ★5.0 · 3 bedrooms · 3 beds · 2.5 baths,37331595,Vacasa Montana,,Bozeman,45.67037,-111.00782,Entire home/apt,379,2,5,11/20/2022,0.46,6,344,5,
6.68372E+17,Townhouse in Bozeman · ★5.0 · 3 bedrooms · 5 beds · 3 baths,166104792,Caleb And Madison,,Bozeman,45.6761,-111.04073,Entire home/apt,442,3,16,5/8/2023,1.59,3,40,16,
6.6871E+17,Condo in Bozeman · ★4.94 · 2 bedrooms · 4 beds · 2 baths,441896318,Payton,,Bozeman,45.65087,-111.06815,Entire home/apt,248,1,35,5/29/2023,3.26,10,349,35,
6.7018E+17,Townhouse in Bozeman · ★4.77 · 3 bedrooms · 4 beds · 2.5 baths,446248807,Ty,,Bozeman,45.690875,-111.1059493,Entire home/apt,165,2,26,6/4/2023,2.52,1,294,26,
6.70437E+17,Home in Bozeman · ★5.0 · 2 bedrooms · 2 beds · 2 baths,120268430,Olga,,Bozeman,45.6838,-111.03597,Entire home/apt,399,2,10,5/27/2023,1.16,1,252,10,
6.70904E+17,Condo in Bozeman · ★4.85 · 1 bedroom · 2 beds · 1 bath,122381278,Evolve,,Bozeman,45.67728,-111.04774,Entire home/apt,137,2,13,5/16/2023,1.27,12,335,13,
6.71298E+17,Rental unit in Bozeman · ★4.94 · 2 bedrooms · 2 beds · 1 bath,7161309,Orlando,,Bozeman,45.68633,-111.03769,Entire home/apt,121,3,32,5/15/2023,3,3,127,32,
6.73318E+17,Home in Bozeman · ★5.0 · 4 bedrooms · 4 beds · 3 baths,51412446,Katy,,Bozeman,45.68335,-111.03662,Entire home/apt,475,2,8,5/13/2023,0.91,1,6,8,
6.73834E+17,Condo in Bozeman · ★4.84 · 2 bedrooms · 3 beds · 2 baths,457457017,Kennedy,,Bozeman,45.65092,-111.06942,Entire home/apt,255,1,31,5/20/2023,2.99,1,341,31,
6.74017E+17,Home in Bozeman · ★5.0 · 4 bedrooms · 5 beds · 3.5 baths,472419080,Cordelia,,Bozeman,45.6739571,-111.0484076,Entire home/apt,698,3,3,5/15/2023,0.31,1,40,3,
6.75169E+17,Home in Bozeman · ★4.82 · 1 bedroom · 1 bed · 1 bath,37331595,Vacasa Montana,,Bozeman,45.68109,-111.03933,Entire home/apt,173,2,11,5/8/2023,1.22,6,319,11,
6.81837E+17,Rental unit in Bozeman · 2 bedrooms · 3 beds · 2 baths,158595657,Mountain Home,,Bozeman,45.685635,-111.0458,Entire home/apt,300,1,1,10/24/2022,0.13,24,265,1,
6.84086E+17,Townhouse in Bozeman · 3 bedrooms · 3 beds · 1 bath,13749505,Tina,,Bozeman,45.69443,-111.07725,Entire home/apt,105,30,1,3/4/2023,0.31,1,0,1,
6.84168E+17,Guesthouse in Bozeman · ★4.89 · 1 bedroom · 2 beds · 1 bath,388858579,Neil,,Bozeman,45.68306,-111.04008,Entire home/apt,193,2,19,5/30/2023,1.91,4,340,19,
6.86947E+17,Condo in Bozeman · ★5.0 · 1 bedroom · 1 bed · 1 bath,93893812,Jes,,Bozeman,45.70849,-111.07314,Entire home/apt,300,3,3,5/14/2023,0.31,1,122,3,
6.92233E+17,Guest suite in Bozeman · ★4.98 · 2 bedrooms · 4 beds · 1 bath,474739122,Fiona,,Bozeman,45.65,-111.04247,Entire home/apt,124,1,55,6/4/2023,5.61,1,17,55,
6.93457E+17,Condo in Bozeman · 2 bedrooms · 2 beds · 2 baths,474993366,Victoria,,Bozeman,45.6992724,-111.0687842,Entire home/apt,148,14,0,,,1,264,0,
6.94011E+17,Guest suite in Bozeman · ★4.93 · Studio · 1 bed · 1 bath,317251520,Katie,,Bozeman,45.68258,-111.04395,Entire home/apt,127,1,55,5/29/2023,5.79,5,56,55,
6.99514E+17,Guesthouse in Bozeman · ★4.95 · 1 bedroom · 1 bed · 1 bath,418955198,Ty,,Bozeman,45.68532,-111.04159,Entire home/apt,85,1,19,6/5/2023,2.03,1,108,19,
7.02084E+17,Condo in Bozeman · ★4.80 · 1 bedroom · 2 beds · 1 bath,78849013,Stay Montana,,Bozeman,45.67868,-111.0465,Entire home/apt,175,1,5,1/11/2023,0.57,13,329,5,
7.04623E+17,Home in Bozeman · 1 bedroom · 1 bed · 1 private bath,102607134,Imelda,,Bozeman,45.67279,-111.08339,Private room,92,29,1,10/5/2022,0.12,1,365,1,
7.05083E+17,Condo in Bozeman · ★4.93 · 2 bedrooms · 3 beds · 2 baths,87300632,Liz,,Bozeman,45.68881,-111.04492,Entire home/apt,207,3,15,6/5/2023,1.97,4,286,15,
7.07134E+17,Condo in Bozeman · ★4.84 · 2 bedrooms · 3 beds · 1.5 baths,5393899,Jenny,,Bozeman,45.67246,-111.03658,Entire home/apt,179,3,19,6/2/2023,2.1,1,8,19,
7.08571E+17,Townhouse in Bozeman · ★4.67 · 2 bedrooms · 2 beds · 1.5 baths,478100437,Rhonda,,Bozeman,45.71466,-111.07583,Entire home/apt,197,2,3,5/15/2023,0.36,1,208,3,
7.09456E+17,Home in Bozeman · ★5.0 · 1 bedroom · 1 bed · 1 private bath,387917242,Jonathan,,Bozeman,45.67426,-111.03986,Private room,164,1,19,6/5/2023,2.95,1,122,19,
7.10864E+17,Condo in Bozeman · ★4.95 · 3 bedrooms · 3 beds · 2 baths,22366054,Tessa,,Bozeman,45.70317,-111.0912,Entire home/apt,221,2,19,6/2/2023,2.18,4,313,19,
7.14279E+17,Home in Bozeman · ★4.98 · 4 bedrooms · 4 beds · 2.5 baths,70317754,Mark And Jessica,,Bozeman,45.69085,-111.05374,Entire home/apt,274,2,40,6/7/2023,5.08,1,96,40,
7.14585E+17,Home in Bozeman · 1 bedroom · 1 bed · 1.5 baths,50844446,Jaymie,,Bozeman,45.7080405,-111.0725818,Private room,65,20,2,5/29/2023,0.62,2,74,2,
7.18782E+17,Rental unit in Bozeman · ★4.91 · 1 bedroom · 1 bed · 1 bath,237078650,Lindsay,,Bozeman,45.6776447,-111.0456932,Entire home/apt,122,2,32,6/1/2023,5.75,1,138,32,
7.19644E+17,Condo in Bozeman · ★5.0 · 2 bedrooms · 2 beds · 1 bath,187536670,Charity,,Bozeman,45.678093,-111.0469886,Entire home/apt,157,2,18,6/3/2023,2.49,1,292,18,
7.21776E+17,Home in Bozeman · ★5.0 · 2 bedrooms · 2 beds · 1 bath,105847111,Robert,,Bozeman,45.70326,-111.09328,Entire home/apt,162,2,11,6/4/2023,1.32,1,41,11,
7.21909E+17,Home in Bozeman · 4 bedrooms · 5 beds · 2 baths,9851660,Tanya,,Bozeman,45.68781725,-111.0326826,Entire home/apt,425,3,2,5/15/2023,1.2,2,304,2,
7.24712E+17,Condo in Bozeman · ★4.91 · 1 bedroom · 2 beds · 1 bath,87338185,Carrie,,Bozeman,45.67774,-111.04723,Entire home/apt,197,2,11,6/7/2023,1.86,2,276,11,
7.29177E+17,Guesthouse in Bozeman · ★4.91 · 1 bedroom · 1 bed · 1 private bath,159312,Ryan,,Bozeman,45.68715,-111.02767,Private room,150,2,11,6/4/2023,1.49,4,25,11,
7.31158E+17,Guesthouse in Bozeman · 3 bedrooms · 3 beds · 3 baths,159312,Ryan,,Bozeman,45.68773758,-111.0290283,Private room,600,3,0,,,4,14,0,
7.33432E+17,Home in Bozeman · ★4.88 · 3 bedrooms · 4 beds · 1.5 baths,432049398,Holly,,Bozeman,45.68193,-111.03929,Entire home/apt,224,2,32,5/19/2023,4.05,1,280,32,
7.33544E+17,Home in Bozeman · ★5.0 · 2 bedrooms · 2 beds · 2.5 baths,54268767,Melissa,,Bozeman,45.66965,-111.00645,Entire home/apt,299,2,4,5/15/2023,0.75,1,80,4,
7.35399E+17,Home in Bozeman · ★4.77 · 3 bedrooms · 3 beds · 1 bath,158595657,Mountain Home,,Bozeman,45.68217,-111.041985,Entire home/apt,229,1,13,6/6/2023,2.01,24,259,13,
7.36333E+17,Guest suite in Bozeman · ★5.0 · 1 bedroom · 2 beds · 1 bath,82935309,Kelly,,Bozeman,45.6815,-111.03513,Entire home/apt,336,3,6,4/23/2023,0.81,1,307,6,
7.3723E+17,Home in Bozeman · 4 bedrooms · 4 beds · 2.5 baths,122381278,Evolve,,Bozeman,45.70141,-111.09411,Entire home/apt,111,30,0,,,12,251,0,
7.38975E+17,Home in Bozeman · 7 bedrooms · 9 beds · 4.5 baths,304628102,Lisa,,Bozeman,45.64504,-111.0656,Entire home/apt,2100,3,0,,,4,260,0,
7.40808E+17,Guesthouse in Bozeman · ★4.50 · 1 bedroom · 1 bed · 1 bath,92164178,Daryl,,Bozeman,45.68249,-111.10138,Entire home/apt,205,2,4,5/15/2023,0.67,1,235,4,
7.43731E+17,Home in Bozeman · 5 bedrooms · 8 beds · 3.5 baths,192384472,Rory,,Bozeman,45.6481763,-111.042898,Entire home/apt,190,90,0,,,1,230,0,
7.44478E+17,Home in Bozeman · ★5.0 · 3 bedrooms · 3 beds · 2 baths,87807117,Brandon,,Bozeman,45.65508199,-111.045586,Entire home/apt,264,2,38,6/6/2023,5.33,1,83,38,
7.44868E+17,Home in Bozeman · ★4.0 · 4 bedrooms · 4 beds · 2.5 baths,37331595,Vacasa Montana,,Bozeman,45.69485,-111.07345,Entire home/apt,302,2,7,1/6/2023,1,6,345,7,
7.44893E+17,Home in Bozeman · ★4.75 · 3 bedrooms · 4 beds · 2 baths,444342086,Rory,,Bozeman,45.68006,-111.04005,Entire home/apt,455,2,16,5/13/2023,2.23,2,180,16,
7.44981E+17,Home in Bozeman · ★5.0 · 3 bedrooms · 3 beds · 2 baths,68940904,Arrival Co,,Bozeman,45.6762697,-111.0775055,Entire home/apt,204,2,9,5/22/2023,1.64,3,78,9,
7.45057E+17,Condo in Bozeman · ★4.60 · 2 bedrooms · 3 beds · 2 baths,180335326,Jessica,,Bozeman,45.687753,-111.0446275,Entire home/apt,251,1,10,6/4/2023,1.49,1,283,10,
7.4622E+17,Townhouse in Bozeman · 1 bedroom · 1 bed · 1 private bath,236651471,Amber,,Bozeman,45.68291,-111.07957,Private room,100,3,0,,,1,70,0,
7.46272E+17,Rental unit in Bozeman · ★4.57 · 3 bedrooms · 4 beds · 1 bath,444342086,Rory,,Bozeman,45.68094,-111.03738,Entire home/apt,415,2,7,5/15/2023,1.04,2,203,7,
7.46288E+17,Guesthouse in Bozeman · ★4.80 · 1 bedroom · 2 beds · 1 bath,154200211,Alli,,Bozeman,45.66984,-111.10511,Entire home/apt,152,3,5,5/29/2023,0.73,1,313,5,
7.47853E+17,Home in Bozeman · 4 bedrooms · 4 beds · 3 baths,388858579,Neil,,Bozeman,45.67692,-111.04773,Entire home/apt,200,30,1,12/30/2022,0.19,4,168,1,
7.49071E+17,Home in Bozeman · ★5.0 · 3 bedrooms · 3 beds · 1.5 baths,8705857,Lydia,,Bozeman,45.68092,-111.04328,Entire home/apt,250,4,10,6/5/2023,2.26,1,16,10,
7.49919E+17,Condo in Bozeman · ★4.80 · 3 bedrooms · 6 beds · 2 baths,66791481,Lauren,,Bozeman,45.70348,-111.09123,Entire home/apt,383,2,10,6/2/2023,1.7,1,233,10,
7.50943E+17,Home in Bozeman · 3 bedrooms · 3 beds · 2.5 baths,168421505,Courtney,,Bozeman,45.69078433,-111.1107277,Entire home/apt,200,28,0,,,1,129,0,
7.5151E+17,Guesthouse in Bozeman · ★5.0 · 1 bedroom · 1 bed · 1 bath,89160947,Sandra,,Bozeman,45.67911,-111.09922,Entire home/apt,126,1,9,3/26/2023,2.2,1,294,9,
7.5285E+17,Condo in Bozeman · ★4.91 · 3 bedrooms · 3 beds · 1 bath,257892190,Julia,,Bozeman,45.66107,-111.03249,Entire home/apt,241,1,22,5/21/2023,3.28,1,153,22,
7.52931E+17,Serviced apartment in Bozeman · 1 bedroom · 2 beds · 1 bath,5615582,RoomPicks,,Bozeman,45.67985,-111.02553,Entire home/apt,532,1,0,,,21,68,0,
7.52931E+17,Serviced apartment in Bozeman · 1 bedroom · 2 beds · 1 bath,5615582,RoomPicks,,Bozeman,45.68003,-111.02545,Entire home/apt,532,1,1,5/26/2023,1,21,68,1,
7.52931E+17,Serviced apartment in Bozeman · 1 bedroom · 2 beds · 1 bath,5615582,RoomPicks,,Bozeman,45.68062,-111.02387,Entire home/apt,532,1,0,,,21,68,0,
7.52933E+17,Serviced apartment in Bozeman · 1 bedroom · 1 bed · 1 bath,5615582,RoomPicks,,Bozeman,45.67906,-111.02507,Entire home/apt,519,1,0,,,21,68,0,
7.52933E+17,Serviced apartment in Bozeman · 1 bedroom · 1 bed · 1 bath,5615582,RoomPicks,,Bozeman,45.68022,-111.02493,Entire home/apt,519,1,0,,,21,68,0,
7.52934E+17,Serviced apartment in Bozeman · 1 bedroom · 1 bed · 1 bath,5615582,RoomPicks,,Bozeman,45.67866,-111.02568,Entire home/apt,519,1,0,,,21,68,0,
7.52935E+17,Serviced apartment in Bozeman · 2 bedrooms · 4 beds · 2 baths,5615582,RoomPicks,,Bozeman,45.67983,-111.02524,Entire home/apt,1062,1,0,,,21,68,0,
7.52936E+17,Serviced apartment in Bozeman · 2 bedrooms · 4 beds · 2 baths,5615582,RoomPicks,,Bozeman,45.68071,-111.02494,Entire home/apt,1062,1,0,,,21,68,0,
7.52936E+17,Serviced apartment in Bozeman · 2 bedrooms · 4 beds · 2 baths,5615582,RoomPicks,,Bozeman,45.68019,-111.02546,Entire home/apt,1062,1,0,,,21,68,0,
7.52937E+17,Serviced apartment in Bozeman · 2 bedrooms · 2 beds · 2 baths,5615582,RoomPicks,,Bozeman,45.67914,-111.02355,Entire home/apt,1036,1,0,,,21,68,0,
7.52937E+17,Serviced apartment in Bozeman · 2 bedrooms · 2 beds · 2 baths,5615582,RoomPicks,,Bozeman,45.67921,-111.02354,Entire home/apt,1036,1,0,,,21,68,0,
7.52938E+17,Serviced apartment in Bozeman · 2 bedrooms · 2 beds · 2 baths,5615582,RoomPicks,,Bozeman,45.67871,-111.02563,Entire home/apt,1036,1,0,,,21,68,0,
7.52939E+17,Serviced apartment in Bozeman · 3 bedrooms · 6 beds · 3 baths,5615582,RoomPicks,,Bozeman,45.67871,-111.02439,Entire home/apt,1593,1,0,,,21,0,0,
7.5294E+17,Serviced apartment in Bozeman · 3 bedrooms · 6 beds · 3 baths,5615582,RoomPicks,,Bozeman,45.67883,-111.02511,Entire home/apt,1593,1,0,,,21,0,0,
7.5294E+17,Serviced apartment in Bozeman · 3 bedrooms · 6 beds · 3 baths,5615582,RoomPicks,,Bozeman,45.67909,-111.02562,Entire home/apt,1593,1,0,,,21,0,0,
7.52941E+17,Serviced apartment in Bozeman · 3 bedrooms · 3 beds · 3 baths,5615582,RoomPicks,,Bozeman,45.67877,-111.02417,Entire home/apt,1553,1,0,,,21,0,0,
7.52942E+17,Serviced apartment in Bozeman · 3 bedrooms · 3 beds · 3 baths,5615582,RoomPicks,,Bozeman,45.67925,-111.02398,Entire home/apt,1553,1,0,,,21,0,0,
7.52942E+17,Serviced apartment in Bozeman · 3 bedrooms · 3 beds · 3 baths,5615582,RoomPicks,,Bozeman,45.67934,-111.02539,Entire home/apt,1553,1,0,,,21,0,0,
7.52943E+17,Serviced apartment in Bozeman · 4 bedrooms · 4 beds · 4 baths,5615582,RoomPicks,,Bozeman,45.68005,-111.02441,Entire home/apt,2071,1,0,,,21,0,0,
7.52944E+17,Serviced apartment in Bozeman · 4 bedrooms · 4 beds · 4 baths,5615582,RoomPicks,,Bozeman,45.68026,-111.02535,Entire home/apt,2071,1,0,,,21,0,0,
7.52945E+17,Serviced apartment in Bozeman · 4 bedrooms · 4 beds · 4 baths,5615582,RoomPicks,,Bozeman,45.68031,-111.02419,Entire home/apt,2071,1,0,,,21,0,0,
7.53639E+17,Home in Bozeman · ★5.0 · 2 bedrooms · 2 beds · 2 baths,2209026,Kristen,,Bozeman,45.6846,-111.02454,Entire home/apt,229,3,15,6/4/2023,2.81,2,294,15,
7.56562E+17,Guesthouse in Bozeman · ★5.0 · 1 bedroom · 1 bed · 1 bath,247540892,Shaun,,Bozeman,45.67936,-111.10375,Entire home/apt,175,2,7,5/21/2023,2.59,2,308,7,
7.60722E+17,Home in Bozeman · 2 bedrooms · 2 beds · 1 bath,81733702,Erin,,Bozeman,45.65847,-111.02076,Entire home/apt,146,29,0,,,1,347,0,
7.61901E+17,Guesthouse in Bozeman · ★5.0 · 1 bedroom · 1 bed · 1 private bath,159312,Ryan,,Bozeman,45.68645,-111.02773,Private room,200,1,5,5/29/2023,0.75,4,26,5,
7.61947E+17,Guesthouse in Bozeman · 1 bedroom · 1 bed · 1 private bath,159312,Ryan,,Bozeman,45.68814,-111.02828,Private room,225,1,2,5/13/2023,0.32,4,23,2,
7.6982E+17,Rental unit in Bozeman · 2 bedrooms · 2 beds · 2 baths,3536705,Lindsay,,Bozeman,45.6487749,-111.0689753,Entire home/apt,250,3,1,12/28/2022,0.18,2,15,1,
7.7604E+17,Home in Bozeman · ★5.0 · 4 bedrooms · 4 beds · 2.5 baths,420998219,Pat,,Bozeman,45.68715,-111.11636,Entire home/apt,233,3,3,5/29/2023,3,1,0,3,
7.77089E+17,Rental unit in Bozeman · ★5.0 · 2 bedrooms · 2 beds · 1 bath,15495078,Josh,,Bozeman,45.6741525,-111.0305273,Entire home/apt,176,3,9,6/4/2023,1.85,1,119,9,
7.7919E+17,Rental unit in Bozeman · ★4.88 · 2 bedrooms · 3 beds · 2 baths,441896318,Payton,,Bozeman,45.66099,-111.06626,Entire home/apt,246,1,8,5/14/2023,1.37,10,348,8,
7.79228E+17,Rental unit in Bozeman · ★4.83 · 2 bedrooms · 4 beds · 2 baths,441896318,Payton,,Bozeman,45.66094,-111.06655,Entire home/apt,233,1,12,5/14/2023,2.67,10,343,12,
7.79228E+17,Rental unit in Bozeman · ★5.0 · 2 bedrooms · 3 beds · 2 baths,441896318,Payton,,Bozeman,45.66153,-111.06614,Entire home/apt,240,1,15,5/2/2023,2.63,10,339,15,
7.79243E+17,Condo in Bozeman · ★4.92 · 2 bedrooms · 4 beds · 2 baths,441896318,Payton,,Bozeman,45.66131,-111.0667,Entire home/apt,262,1,13,5/11/2023,2.27,10,339,13,
7.80455E+17,Rental unit in Bozeman · ★4.83 · 1 bedroom · 3 beds · 1 bath,9476037,Craig,,Bozeman,45.70183,-111.08768,Entire home/apt,186,3,6,5/14/2023,1.3,1,324,6,
7.81269E+17,Rental unit in Bozeman · 2 bedrooms · 2 beds · 2 baths,108598734,Jean,,Bozeman,45.663605,-111.0602481,Entire home/apt,225,4,2,5/16/2023,0.55,1,0,2,
7.81336E+17,Home in Bozeman · ★5.0 · 3 bedrooms · 4 beds · 2.5 baths,326083751,Alison,,Bozeman,45.68751,-111.07473,Entire home/apt,295,4,14,6/6/2023,2.76,1,230,14,
7.81438E+17,Home in Bozeman · 1 bedroom · 1 bed · 1 shared bath,23875741,Jes,,Bozeman,45.68276,-111.08317,Private room,50,2,0,,,1,2,0,
7.87608E+17,Rental unit in Bozeman · ★4.0 · 2 bedrooms · 3 beds · 1 bath,492391213,Jeremy,,Bozeman,45.67794,-111.03482,Entire home/apt,230,2,11,5/21/2023,2.54,3,265,11,
7.87857E+17,Home in Bozeman · ★5.0 · 1 bedroom · 1 bed · 1 private bath,54143486,Louise,,Bozeman,45.69168,-111.11611,Private room,79,1,5,5/21/2023,1.56,1,188,5,
7.91969E+17,Home in Bozeman · ★4.92 · 3 bedrooms · 5 beds · 2.5 baths,456500579,McCade,,Bozeman,45.67812,-111.0768,Entire home/apt,392,1,12,5/31/2023,3.08,3,302,12,
7.91975E+17,Home in Bozeman · ★5.0 · 3 bedrooms · 5 beds · 2.5 baths,456500579,McCade,,Bozeman,45.67684,-111.07724,Entire home/apt,337,1,8,3/13/2023,1.89,3,318,8,
7.92658E+17,Home in Bozeman · ★5.0 · 6 bedrooms · 10 beds · 6 baths,456500579,McCade,,Bozeman,45.67702,-111.07794,Entire home/apt,1132,1,3,5/7/2023,1,3,306,3,
7.97809E+17,Home in Bozeman · 4 bedrooms · 5 beds · 2.5 baths,78849013,Stay Montana,,Bozeman,45.67546,-111.08568,Entire home/apt,301,1,0,,,13,293,0,
8.06478E+17,Home in Bozeman · 3 bedrooms · 8 beds · 3 baths,49100757,Mary,,Bozeman,45.67391483,-111.0341425,Entire home/apt,454,3,1,6/5/2023,1,1,18,1,
8.06614E+17,Home in Bozeman · 3 bedrooms · 4 beds · 3 baths,831796,Krissy,,Bozeman,45.70588,-111.00276,Entire home/apt,275,50,0,,,1,177,0,
8.10106E+17,Home in Bozeman · 3 bedrooms · 3 beds · 2.5 baths,497406107,Jessi,,Bozeman,45.64878,-111.06696,Entire home/apt,215,2,1,5/2/2023,0.79,1,144,1,
8.10234E+17,Rental unit in Bozeman · 2 bedrooms · 2 beds · 2 baths,87300632,Liz,,Bozeman,45.66441,-111.06087,Entire home/apt,150,28,0,,,4,247,0,
8.10813E+17,Townhouse in Bozeman · ★5.0 · 3 bedrooms · 5 beds · 2.5 baths,122381278,Evolve,,Bozeman,45.68641,-111.0562,Entire home/apt,198,2,3,5/10/2023,0.97,12,314,3,
8.12243E+17,Home in Bozeman · 3 bedrooms · 3 beds · 2.5 baths,10719166,Ted And Ann Marie,,Bozeman,45.689014,-111.108096,Entire home/apt,6186,30,0,,,4,247,0,
8.12294E+17,Rental unit in Bozeman · 1 bedroom · 2 beds · 1 bath,10719166,Ted And Ann Marie,,Bozeman,45.678108,-111.047012,Entire home/apt,185,2,1,6/6/2023,1,4,318,1,
8.26101E+17,Rental unit in Bozeman · ★5.0 · 2 bedrooms · 2 beds · 1 bath,10533936,Taylor,,Bozeman,45.676,-111.05329,Entire home/apt,146,1,4,5/7/2023,2.11,2,268,4,
8.27456E+17,Home in Bozeman · 1 bedroom · 1 bed · 1 bath,392021028,Lexi,,Bozeman,45.67352,-111.04542,Entire home/apt,80,28,1,4/30/2023,0.75,1,151,1,
8.28373E+17,Home in Bozeman · ★4.69 · 2 bedrooms · 4 beds · 1 bath,406871,Erin,,Bozeman,45.67780488,-111.0476148,Entire home/apt,421,2,13,6/5/2023,3.79,3,306,13,
8.28969E+17,Townhouse in Bozeman · 3 bedrooms · 3 beds · 3 baths,68940904,Arrival Co,,Bozeman,45.69212,-111.11243,Entire home/apt,179,89,0,,,3,123,0,
8.31152E+17,Home in Bozeman · 6 bedrooms · 6 beds · 3 baths,10533936,Taylor,,Bozeman,45.67479,-111.05178,Entire home/apt,404,3,0,,,2,325,0,
8.35709E+17,Serviced apartment in Bozeman · ★4.38 · 1 bedroom · 1 bed · 1 bath,450136444,Brian,,Bozeman,45.67733,-111.04948,Entire home/apt,156,1,13,6/4/2023,4.33,1,269,13,
8.3618E+17,Home in Bozeman · 3 bedrooms · 3 beds · 2.5 baths,387840480,Nick,,Bozeman,45.6590918,-111.0167162,Entire home/apt,161,30,2,5/15/2023,1.07,1,351,2,
8.36266E+17,Guesthouse in Bozeman · ★3.75 · 1 bedroom · 2 beds · 1 bath,492391213,Jeremy,,Bozeman,45.67702,-111.03432,Entire home/apt,124,1,4,5/14/2023,1.26,3,301,4,
8.36413E+17,Rental unit in Bozeman · 2 bedrooms · 2 beds · 2 baths,441798626,Renee,,Bozeman,45.6779863,-111.05773,Entire home/apt,275,3,0,,,2,324,0,
8.41345E+17,Condo in Bozeman · 2 bedrooms · 2 beds · 1 bath,104010331,Dream MT,,Bozeman,45.687753,-111.044628,Entire home/apt,550,3,2,4/3/2023,0.67,12,341,2,
8.4149E+17,Home in Bozeman · ★4.67 · 2 bedrooms · 2 beds · 1 bath,388858579,Neil,,Bozeman,45.68209,-111.04189,Entire home/apt,193,2,9,5/24/2023,3,4,124,9,
8.43683E+17,Condo in Bozeman · ★5.0 · 2 bedrooms · 3 beds · 2 baths,441896318,Payton,,Bozeman,45.67382,-111.11227,Entire home/apt,257,1,6,6/6/2023,2.17,10,345,6,
8.43742E+17,Condo in Bozeman · ★5.0 · 2 bedrooms · 3 beds · 2 baths,441896318,Payton,,Bozeman,45.67491,-111.11205,Entire home/apt,262,1,14,5/22/2023,5.06,10,333,14,
8.43767E+17,Condo in Bozeman · ★5.0 · 2 bedrooms · 3 beds · 2 baths,441896318,Payton,,Bozeman,45.67517,-111.11392,Entire home/apt,262,1,8,5/21/2023,2.93,10,338,8,
8.43789E+17,Condo in Bozeman · ★5.0 · 2 bedrooms · 3 beds · 2 baths,441896318,Payton,,Bozeman,45.67341,-111.11308,Entire home/apt,257,1,10,5/15/2023,3.9,10,350,10,
8.47103E+17,Townhouse in Bozeman · 2 bedrooms · 2 beds · 2.5 baths,492401315,Gather Vacations,,Bozeman,45.67751,-111.08168,Entire home/apt,183,1,0,,,1,29,0,
8.4883E+17,Home in Bozeman · 5 bedrooms · 5 beds · 3.5 baths,127451313,Pamela,,Bozeman,45.67285,-111.0384,Entire home/apt,995,5,0,,,2,100,0,
8.49345E+17,Home in Bozeman · 2 bedrooms · 2 beds · 2.5 baths,4461657,Susie,,Bozeman,45.6788,-111.05879,Entire home/apt,199,3,2,5/14/2023,1.28,1,51,2,
8.50061E+17,Home in Bozeman · 2 bedrooms · 2 beds · 1.5 baths,505986694,Kristin,,Bozeman,45.6841905,-111.0253778,Entire home/apt,149,30,1,5/22/2023,1,1,281,1,
8.55046E+17,Home in Bozeman · 3 bedrooms · 4 beds · 2.5 baths,507016369,Kerry,,Bozeman,45.65876,-111.03341,Entire home/apt,298,3,1,5/15/2023,1,1,293,1,
8.57157E+17,Home in Bozeman · ★New · 3 bedrooms · 3 beds · 3 baths,78822707,Nora,,Bozeman,45.6453225,-111.0429906,Entire home/apt,250,30,0,,,1,282,0,
8.58032E+17,Home in Bozeman · 2 bedrooms · 3 beds · 2 baths,37331595,Vacasa Montana,,Bozeman,45.68144,-111.04883,Entire home/apt,254,2,0,,,6,356,0,
8.61574E+17,Townhouse in Bozeman · ★New · 3 bedrooms · 4 beds · 3 baths,104010331,Dream MT,,Bozeman,45.683294,-111.07945,Entire home/apt,0,30,0,,,12,318,0,
8.61574E+17,Home in Bozeman · ★New · 3 bedrooms · 4 beds · 2 baths,104010331,Dream MT,,Bozeman,45.683499,-111.05717,Entire home/apt,275,3,0,,,12,310,0,
8.61755E+17,Rental unit in Bozeman · ★New · 1 bedroom · 1 bed · 1 bath,4253627,Evelyn,,Bozeman,45.67776,-111.04365,Entire home/apt,177,2,1,5/4/2023,0.83,1,0,1,
8.63691E+17,Home in Bozeman · ★New · 1 bedroom · 1 bed · 1.5 baths,32162998,Sarah,,Bozeman,45.68712,-111.06688,Entire home/apt,108,1,2,5/28/2023,2,2,0,2,
8.66744E+17,Condo in Bozeman · ★New · 2 bedrooms · 3 beds · 1 bath,87300632,Liz,,Bozeman,45.6866,-111.04353,Entire home/apt,159,2,2,5/15/2023,1.5,4,310,2,
8.66801E+17,Rental unit in Bozeman · ★New · 1 bedroom · 1 bed · 1 bath,85914608,John,,Bozeman,45.68092,-111.04988,Entire home/apt,171,1,1,6/4/2023,1,2,61,1,
8.68765E+17,Home in Bozeman · ★5.0 · 3 bedrooms · 3 beds · 4 baths,22366054,Tessa,,Bozeman,45.70635795,-111.0387554,Entire home/apt,315,2,3,5/29/2023,3,4,44,3,
8.696E+17,Rental unit in Bozeman · ★5.0 · 1 bedroom · 1 bed · 1 bath,219491,Elinor (Ellie),,Bozeman,45.67824923,-111.0469455,Entire home/apt,148,1,5,6/4/2023,5,3,283,5,
8.71253E+17,Rental unit in Bozeman · ★New · 1 bedroom · 1 bed · 1.5 baths,370426746,Kelsey,,Bozeman,45.70167,-111.07248,Entire home/apt,104,28,0,,,1,84,0,
8.74123E+17,Rental unit in Bozeman · ★5.0 · 1 bedroom · 2 beds · 1 bath,18247242,Kevin,,Bozeman,45.65006,-111.07781,Entire home/apt,163,1,3,5/21/2023,3,1,296,3,
8.74658E+17,Home in Bozeman · ★New · 3 bedrooms · 3 beds · 3 baths,10719166,Ted And Ann Marie,,Bozeman,45.68782,-111.10839,Entire home/apt,302,2,2,5/19/2023,2,4,318,2,
8.75522E+17,Home in Bozeman · ★New · 4 bedrooms · 6 beds · 3.5 baths,4884278,Kate,,Bozeman,45.67812,-111.04504,Entire home/apt,300,30,0,,,1,183,0,
8.76772E+17,Home in Bozeman · ★New · 2 bedrooms · 2 beds · 1 bath,4727963,Matthew,,Bozeman,45.68361,-111.02756,Entire home/apt,207,3,0,,,1,266,0,
8.77002E+17,Home in Bozeman · ★New · 3 bedrooms · 3 beds · 2 baths,386319797,Jessie,,Bozeman,45.69165,-111.09339,Entire home/apt,413,2,1,5/13/2023,1,1,346,1,
8.81902E+17,Rental unit in Bozeman · ★New · 2 bedrooms · 2 beds · 2.5 baths,10719166,Ted And Ann Marie,,Bozeman,45.650005,-111.0686823,Entire home/apt,108,30,0,,,4,275,0,
8.82035E+17,Rental unit in Bozeman · ★5.0 · 1 bedroom · 1 bed · 1 bath,37331595,Vacasa Montana,,Bozeman,45.67747,-111.04655,Entire home/apt,183,2,3,5/21/2023,3,6,340,3,
8.82048E+17,Home in Bozeman · ★New · 3 bedrooms · 2 beds · 2.5 baths,59953192,Ashley,,Bozeman,45.70615,-111.09161,Entire home/apt,175,21,0,,,1,54,0,
8.82861E+17,Guesthouse in Bozeman · ★New · 1 bedroom · 1 bed · 1 bath,294131716,Marci,,Bozeman,45.6761,-111.03724,Entire home/apt,304,3,0,,,1,345,0,
8.8339E+17,Home in Bozeman · ★New · 3 bedrooms · 3 beds · 2.5 baths,478163656,Steve,,Bozeman,45.67829,-111.07806,Entire home/apt,241,3,1,5/27/2023,1,1,38,1,
8.83728E+17,Home in Bozeman · ★New · 1 bedroom · 1 bed · 1.5 baths,513072847,Nicholas,,Bozeman,45.68762326,-111.0566309,Private room,67,1,2,5/21/2023,2,1,0,2,
8.84065E+17,Home in Bozeman · ★New · 3 bedrooms · 3 beds · 3 baths,485556286,Barbara,,Bozeman,45.6475576,-111.0683446,Entire home/apt,143,30,0,,,1,280,0,
8.84107E+17,Guesthouse in Bozeman · ★5.0 · 2 bedrooms · 3 beds · 1 bath,42294252,Ted,,Bozeman,45.6840083,-111.1008377,Entire home/apt,155,3,3,6/5/2023,3,1,35,3,
8.86261E+17,Home in Bozeman · ★New · 3 bedrooms · 3 beds · 2.5 baths,392160899,Amy,,Bozeman,45.68416,-111.1023,Entire home/apt,325,3,0,,,1,97,0,
8.86294E+17,Home in Bozeman · ★New · 4 bedrooms · 4 beds · 2.5 baths,147570980,Catherine,,Bozeman,45.6727,-111.04027,Entire home/apt,400,30,0,,,2,315,0,
8.87744E+17,Rental unit in Bozeman · ★New · 2 bedrooms · 3 beds · 2 baths,13164558,Nancy,,Bozeman,45.6827098,-111.0226566,Entire home/apt,225,14,0,,,1,238,0,
8.88674E+17,Rental unit in Bozeman · ★New · 1 bedroom · 1 bed · 1 bath,87352080,Rebeccah,,Bozeman,45.68474,-111.08057,Entire home/apt,140,1,1,5/19/2023,1,1,76,1,
8.9114E+17,Home in Bozeman · ★New · 4 bedrooms · 4 beds · 3 baths,5226191,Harris,,Bozeman,45.68323,-111.02645,Entire home/apt,271,3,0,,,1,8,0,
8.92145E+17,Rental unit in Bozeman · ★New · 2 bedrooms · 2 beds · 1 bath,492391213,Jeremy,,Bozeman,45.67643,-111.0348,Entire home/apt,197,1,0,,,3,309,0,
8.93606E+17,Townhouse in Bozeman · ★New · 2 bedrooms · 2 beds · 1 bath,107293305,Gather Vacations,,Bozeman,45.68571,-111.10785,Entire home/apt,262,1,0,,,1,353,0,
8.94056E+17,Rental unit in Bozeman · ★New · 2 bedrooms · 2 beds · 1 bath,374218571,Kelly,,Bozeman,45.68659,-111.03244,Entire home/apt,170,1,1,6/7/2023,1,1,71,1,
8.94114E+17,Home in Bozeman · ★New · 3 bedrooms · 3 beds · 2 baths,134286069,Janie,,Bozeman,45.67469,-111.0433,Entire home/apt,127,31,0,,,1,264,0,
8.94263E+17,Rental unit in Bozeman · ★New · 2 bedrooms · 2 beds · 1 bath,510216735,Sharon,,Bozeman,45.67803,-111.03842,Entire home/apt,199,2,0,,,1,301,0,
8.94342E+17,Home in Bozeman · ★New · 1 bedroom · 1 bed · 1 bath,515426095,Elizabeth,,Bozeman,45.68625,-111.0372,Entire home/apt,134,2,0,,,1,21,0,
8.96459E+17,Home in Bozeman · ★New · 1 bedroom · 1 bed · 1 bath,247540892,Shaun,,Bozeman,45.6802,-111.10214,Private room,80,2,0,,,2,270,0,
8.97144E+17,Home in Bozeman · ★New · 2 bedrooms · 2 beds · 2 baths,6931340,Indra,,Bozeman,45.68166,-111.03968,Entire home/apt,499,1,0,,,1,169,0,
8.9781E+17,Guesthouse in Bozeman · ★New · 1 bedroom · 1 bed · 1 bath,55108452,Sarah,,Bozeman,45.6798384,-111.1002558,Entire home/apt,88,10,0,,,1,245,0,
8.99423E+17,Home in Bozeman · ★New · 1 bedroom · 1 bed · 1 bath,149455981,Catherine,,Bozeman,45.67385,-111.08454,Private room,50,90,0,,,1,178,0,
9.00814E+17,Home in Bozeman · ★New · 4 bedrooms · 8 beds · 2 baths,144447035,Ericka,,Bozeman,45.68748858,-111.0712738,Entire home/apt,401,2,0,,,1,47,0,
9.01459E+17,Home in Bozeman · ★New · 3 bedrooms · 5 beds · 1 bath,406871,Erin,,Bozeman,45.67859,-111.04859,Entire home/apt,334,2,1,6/5/2023,1,3,344,1,
9.01661E+17,Home in Bozeman · ★New · 5 bedrooms · 5 beds · 2 baths,406871,Erin,,Bozeman,45.67753,-111.04849,Entire home/apt,526,2,0,,,3,303,0,
9.02288E+17,Home in Bozeman · ★New · 3 bedrooms · 4 beds · 2.5 baths,59049179,Elizabeth,,Bozeman,45.68821,-111.05655,Entire home/apt,290,3,0,,,1,308,0,
9.02925E+17,Townhouse in Bozeman · ★New · 2 bedrooms · 2 beds · 2 baths,231155123,Chad,,Bozeman,45.6901827,-111.1061077,Entire home/apt,244,3,0,,,1,308,0,
9.02987E+17,Bungalow in Bozeman · ★New · 1 bedroom · 1 bed · 1 bath,23312806,Kim,,Bozeman,45.68263,-111.02754,Entire home/apt,171,4,0,,,1,104,0,
9.03549E+17,Home in Bozeman · ★New · 2 bedrooms · 3 beds · 1 bath,94524858,Andy,,Bozeman,45.68104,-111.04155,Entire home/apt,350,3,0,,,1,334,0,
9.07255E+17,Condo in Bozeman · ★New · 2 bedrooms · 3 beds · 2 baths,68940904,Arrival Co,,Bozeman,45.67866,-111.02342,Entire home/apt,313,3,0,,,3,110,0,
9.07327E+17,Home in Bozeman · ★New · 1 bedroom · 1 bed · 1 bath,158595657,Mountain Home,,Bozeman,45.683056,-111.02824,Entire home/apt,192,1,0,,,24,330,0,
