id,name,host_id,host_name,neighbourhood_group,neighbourhood,latitude,longitude,room_type,price,minimum_nights,number_of_reviews,last_review,reviews_per_month,calculated_host_listings_count,availability_365,number_of_reviews_ltm,license
505101,Home in Bozeman · ★4.97 · 2 bedrooms · 2 beds · 2 baths,2490712,Stacie,,Bozeman,45.67934,-111.04756,Entire home/apt,208,3,231,9/23/2023,1.71,1,276,34,
1913774,Guesthouse in Bozeman · ★4.97 · 1 bedroom · 1 bed · 1 bath,9892898,Brian,,Bozeman,45.68422,-111.03839,Entire home/apt,148,3,442,9/29/2023,3.68,1,293,69,
1950545,Home in Bozeman · ★4.74 · 1 bedroom · 2 beds · 1.5 baths,8224408,Paul,,Bozeman,45.68563,-111.03118,Entire home/apt,208,3,37,9/2/2023,0.32,22,355,3,
2390321,Rental unit in Bozeman · ★4.95 · 1 bedroom · 1 bed · 1 bath,7849959,Irene,,Bozeman,45.67434,-111.0333,Entire home/apt,175,3,43,5/28/2023,0.48,2,162,4,
2536175,Home in Bozeman · ★4.77 · 3 bedrooms · 3 beds · 2 baths,8287259,Kris And Alex,,Bozeman,45.66473,-111.03977,Entire home/apt,160,3,267,9/4/2023,2.36,1,302,35,
2839082,Home in Bozeman · ★4.97 · 2 bedrooms · 2 beds · 1 bath,1577112,Zack,,Bozeman,45.6757,-111.03284,Entire home/apt,493,3,66,8/22/2023,0.69,1,360,3,
2968623,Guesthouse in Bozeman · ★4.94 · 1 bedroom · 1 bed · 1 bath,15146634,Frances,,Bozeman,45.67241,-111.04913,Entire home/apt,125,3,174,8/31/2023,1.74,1,156,12,
3372306,Home in Bozeman · ★4.88 · 2 bedrooms · 2 beds · 1 bath,190138,Anna,,Bozeman,45.68444,-111.04357,Entire home/apt,199,30,67,5/27/2019,0.61,1,250,0,
4008507,Guest suite in Bozeman · ★4.99 · 1 bedroom · 2 beds · 1 bath,20738079,Lori,,Bozeman,45.66932,-111.04256,Entire home/apt,199,1,217,10/5/2023,2.14,1,329,45,
4116964,Home in Bozeman · ★4.86 · 1 bedroom · 2 beds · 1 private bath,7722453,Rachel,,Bozeman,45.65921,-111.01598,Private room,106,5,73,5/31/2023,0.67,3,65,4,
4134363,Place to stay in Bozeman · ★4.93 · 1 bedroom · 2 beds · 1 bath,21447984,Sharon,,Bozeman,45.67114,-111.04041,Entire home/apt,265,4,87,8/24/2023,0.8,2,260,6,
4407200,Townhouse in Bozeman · ★4.69 · 3 bedrooms · 5 beds · 2 baths,22877888,Shaun & Nathalie,,Bozeman,45.73038,-111.06779,Entire home/apt,202,2,146,9/20/2023,1.35,2,166,14,
4778710,Home in Bozeman · 3 bedrooms · 2 beds · 2 baths,14101343,Steve & Ellie,,Bozeman,45.68605,-111.07734,Entire home/apt,139,3,0,,,1,1,0,
6662056,Home in Bozeman · ★4.82 · 4 bedrooms · 5 beds · 2.5 baths,34871220,Ehson,,Bozeman,45.65955,-111.02278,Entire home/apt,349,3,161,9/24/2023,1.62,1,328,20,
6783856,Townhouse in Bozeman · ★4.93 · 2 bedrooms · 2 beds · 2 baths,35514344,Janette,,Bozeman,45.679,-111.08748,Entire home/apt,175,28,15,3/7/2021,0.15,1,363,0,
6800497,Guesthouse in Bozeman · ★4.91 · 1 bedroom · 3 beds · 1 bath,16264310,Kent,,Bozeman,45.67712,-111.03485,Entire home/apt,174,2,329,10/2/2023,3.48,1,356,38,
6881306,Rental unit in Bozeman · ★4.84 · 1 bedroom · 1 bed · 1 bath,36057505,Kathi,,Bozeman,45.68133,-111.03998,Entire home/apt,136,29,58,9/24/2023,0.77,1,179,3,
6970499,Rental unit in Bozeman · ★4.87 · 1 bedroom · 2 beds · 1 bath,36548325,Doug,,Bozeman,45.68185,-111.04333,Entire home/apt,96,3,345,9/23/2023,3.63,2,31,27,
7480329,Condo in Bozeman · ★5.0 · 2 bedrooms · 2 beds · 2 baths,3437116,Jill,,Bozeman,45.6724,-111.02983,Entire home/apt,200,14,10,6/24/2023,0.12,1,47,1,
7694423,Guesthouse in Bozeman · ★4.86 · 1 bedroom · 1 bed · 1 bath,40166238,Sunny,,Bozeman,45.68181,-111.0953,Entire home/apt,232,28,29,8/31/2023,0.29,2,348,3,
7809335,Home in Bozeman · ★4.93 · 2 bedrooms · 3 beds · 1.5 baths,18706726,Otto,,Bozeman,45.674126,-111.0368138,Entire home/apt,299,3,61,9/8/2023,0.62,1,100,2,
7855037,Townhouse in Bozeman · ★4.94 · 3 bedrooms · 3 beds · 2.5 baths,14843944,Laura,,Bozeman,45.70622,-111.02272,Entire home/apt,299,2,158,9/19/2023,1.62,1,315,18,
8016791,Home in Bozeman · ★4.99 · 4 bedrooms · 5 beds · 2 baths,19523133,Pele,,Bozeman,45.68377,-111.03245,Entire home/apt,287,2,173,10/2/2023,1.88,2,208,25,
8131484,Rental unit in Bozeman · ★4.92 · 1 bedroom · 2 beds · 1 bath,42939495,Mary,,Bozeman,45.67359,-111.05386,Entire home/apt,165,3,192,10/2/2023,2.05,1,290,25,
8248642,Condo in Bozeman · ★4.98 · 2 bedrooms · 5 beds · 2 baths,23268299,Jenny,,Bozeman,45.68012,-111.02441,Entire home/apt,295,3,47,6/19/2023,0.6,1,220,9,
8471627,Rental unit in Bozeman · ★4.93 · 2 bedrooms · 3 beds · 1 bath,44596719,Jade,,Bozeman,45.68311,-111.03599,Entire home/apt,171,1,667,10/2/2023,8.28,2,309,98,
8522409,Guesthouse in Bozeman · ★4.98 · 2 bedrooms · 2 beds · 1 bath,44874042,Amy,,Bozeman,45.67865,-111.10087,Entire home/apt,188,3,249,9/18/2023,2.76,1,345,34,
8616625,Home in Bozeman · ★4.91 · 3 bedrooms · 4 beds · 2 baths,32568100,Andrew,,Bozeman,45.67505,-111.04803,Entire home/apt,185,2,190,9/30/2023,1.97,1,58,32,
9131418,Home in Bozeman · ★5.0 · 3 bedrooms · 2 beds · 2 baths,7722453,Rachel,,Bozeman,45.66065,-111.01486,Entire home/apt,382,7,4,7/21/2023,0.06,3,86,1,
9588650,Rental unit in Bozeman · ★4.97 · 2 bedrooms · 1 bed · 1 bath,49630888,Amy,,Bozeman,45.682587,-111.041031,Entire home/apt,155,1,471,10/1/2023,4.93,1,235,37,
9615182,Hostel in Bozeman · ★4.66 · 1 bedroom · 6 beds · 2 shared baths,49746531,Nina,,Bozeman,45.679,-111.03686,Hotel room,27,1,313,9/13/2023,3.28,5,167,54,
9615473,Hostel in Bozeman · ★4.58 · 1 bedroom · 1 bed · 2 shared baths,49746531,Nina,,Bozeman,45.68,-111.03583,Hotel room,51,1,211,9/16/2023,2.25,5,151,36,
9675892,Rental unit in Bozeman · ★New · 2 bedrooms · 2 beds · 1 bath,14383276,Dianne,,Bozeman,45.68372,-111.02864,Entire home/apt,200,30,0,,,1,360,0,
9739788,Hostel in Bozeman · ★4.48 · 1 bedroom · 4 beds · 2 shared baths,49746531,Nina,,Bozeman,45.67957,-111.03632,Hotel room,31,1,171,9/20/2023,1.95,5,175,22,
9740033,Hostel in Bozeman · ★4.62 · 1 bedroom · 3 beds · 2 shared baths,49746531,Nina,,Bozeman,45.68057,-111.03747,Shared room,38,1,85,9/21/2023,0.93,5,353,15,
9882706,Home in Bozeman · ★4.89 · 3 bedrooms · 3 beds · 2 baths,50844446,Jaymie,,Bozeman,45.714,-111.08021,Entire home/apt,225,28,9,8/22/2023,0.58,2,269,3,
10194083,Home in Bozeman · ★4.98 · 2 bedrooms · 2 beds · 1 bath,52362737,Terra,,Bozeman,45.67359,-111.03341,Entire home/apt,249,3,118,9/17/2023,1.29,1,163,5,
10282173,Home in Bozeman · ★5.0 · 2 bedrooms · 2 beds · 1 bath,8979185,Laura,,Bozeman,45.67276,-111.04538,Entire home/apt,176,2,11,9/26/2023,1.31,1,158,11,
10616342,Hostel in Bozeman · ★4.62 · 1 bedroom · 1 bed · 2 shared baths,49746531,Nina,,Bozeman,45.68009,-111.03692,Hotel room,73,1,132,9/5/2023,1.47,5,151,33,
11337733,Guest suite in Bozeman · ★4.91 · 1 bedroom · 1 bed · 1 bath,59339691,Allison,,Bozeman,45.68124,-111.0448,Entire home/apt,126,2,435,10/1/2023,4.74,1,309,52,
11379100,Home in Bozeman · ★4.81 · Studio · 1 bed · 1 bath,8224408,Paul,,Bozeman,45.68182,-111.02832,Entire home/apt,146,3,128,9/22/2023,1.38,22,338,18,
11394263,Home in Bozeman · ★5.0 · 3 bedrooms · 4 beds · 2.5 baths,59781492,Andrew,,Bozeman,45.69245,-111.08859,Entire home/apt,175,30,7,3/10/2023,0.08,1,220,1,
12675495,Townhouse in Bozeman · ★4.93 · 3 bedrooms · 5 beds · 1 bath,68872256,Meagan And Michael,,Bozeman,45.66816,-111.03438,Entire home/apt,154,2,433,9/18/2023,4.88,2,313,36,
13747912,Home in Bozeman · ★4.85 · 1 bedroom · 2 beds · 1 bath,80521705,Anna,,Bozeman,45.67987,-111.02812,Entire home/apt,151,1,356,10/1/2023,4.04,1,301,67,
13797463,Rental unit in Bozeman · ★4.82 · 2 bedrooms · 2 beds · 1 bath,81112095,Serena,,Bozeman,45.68133,-111.05212,Entire home/apt,125,3,208,9/18/2023,2.36,1,186,22,
14041374,Home in Bozeman · ★5.0 · 5 bedrooms · 6 beds · 3.5 baths,20987607,Jacki,,Bozeman,45.65439,-111.03909,Entire home/apt,400,3,8,7/18/2023,0.09,1,32,1,
14093005,Home in Bozeman · ★4.93 · 4 bedrooms · 5 beds · 2 baths,74996144,Gary,,Bozeman,45.66854,-111.03084,Entire home/apt,264,2,138,9/2/2023,1.58,1,331,19,
14487902,Condo in Bozeman · ★4.85 · 3 bedrooms · 8 beds · 2 baths,77150382,Mary,,Bozeman,45.69137,-111.11546,Entire home/apt,264,2,89,9/17/2023,1.04,1,301,17,
14769819,Home in Bozeman · ★4.89 · 1 bedroom · 1 bed · 1 private bath,84377290,E-T,,Bozeman,45.6603509,-111.0322062,Private room,68,30,184,8/31/2023,2.27,1,327,1,
15284883,Loft in Bozeman · ★4.88 · 1 bedroom · 2 beds · 1 bath,97282807,Natalie,,Bozeman,45.68432,-111.03863,Entire home/apt,188,3,69,9/16/2023,0.81,1,73,7,
15425714,Home in Bozeman · ★4.69 · 2 bedrooms · 3 beds · 1 bath,91012372,Peter,,Bozeman,45.67014,-111.04631,Entire home/apt,99,30,13,9/22/2023,0.15,3,89,2,
15579746,Condo in Bozeman · ★4.67 · 1 bedroom · 2 beds · 1 bath,78849013,Stay Montana,,Bozeman,45.67976,-111.03788,Entire home/apt,84,30,6,1/1/2022,0.09,12,244,0,
15828087,Townhouse in Bozeman · 3 bedrooms · 6 beds · 2.5 baths,22877888,Shaun & Nathalie,,Bozeman,45.72898,-111.06866,Entire home/apt,325,2,1,6/18/2023,0.27,2,174,1,
16064719,Home in Bozeman · ★4.76 · 3 bedrooms · 3 beds · 2 baths,104010331,Dream MT,,Bozeman,45.68037,-111.03733,Entire home/apt,275,2,83,8/29/2023,1.08,10,275,9,
16135754,Condo in Bozeman · ★4.98 · 2 bedrooms · 3 beds · 2 baths,91012372,Peter,,Bozeman,45.67949,-111.02221,Entire home/apt,356,3,65,8/26/2023,0.81,3,291,34,
16274835,Guesthouse in Bozeman · ★4.87 · 1 bedroom · 2 beds · 1 bath,106429221,Vacation Homes Bozeman,,Bozeman,45.682135,-111.0975582,Entire home/apt,131,2,82,8/5/2023,1,5,350,6,
16498232,Home in Bozeman · ★4.92 · 1 bedroom · 1 bed · 1 private bath,77559702,Joe,,Bozeman,45.67664,-111.07691,Private room,79,1,198,10/2/2023,2.51,1,337,50,
16504338,Home in Bozeman · ★4.97 · 3 bedrooms · 4 beds · 2.5 baths,68913845,Julia,,Bozeman,45.69021,-111.05558,Entire home/apt,179,1,182,10/1/2023,2.22,1,259,41,
16531635,Home in Bozeman · ★4.88 · 3 bedrooms · 4 beds · 2 baths,104010331,Dream MT,,Bozeman,45.64284,-111.06618,Entire home/apt,330,2,24,7/15/2023,0.3,10,294,4,
16546683,Cabin in Bozeman · ★4.98 · 3 bedrooms · 3 beds · 2 baths,103773075,Bozeman Montana,,Bozeman,45.687469,-111.033318,Entire home/apt,280,3,116,8/28/2023,1.45,4,226,21,
16600051,Chalet in Bozeman · ★4.94 · 2 bedrooms · 2 beds · 1 bath,41587598,Molly,,Bozeman,45.70157,-111.00896,Entire home/apt,227,1,248,9/26/2023,3.1,1,166,42,
16650024,Rental unit in Bozeman · ★4.96 · 2 bedrooms · 3 beds · 2 baths,110052520,Jeanette,,Bozeman,45.68637,-111.06413,Entire home/apt,148,2,268,10/1/2023,3.31,1,36,34,
16662749,Home in Bozeman · ★4.92 · 3 bedrooms · 4 beds · 2.5 baths,106429221,Vacation Homes Bozeman,,Bozeman,45.6890338,-111.1083844,Entire home/apt,178,2,39,9/18/2023,0.49,5,172,2,
16881888,Rental unit in Bozeman · ★5.0 · 1 bedroom · 1 bed · 1 bath,7849959,Irene,,Bozeman,45.67817,-111.03371,Entire home/apt,90,30,5,9/16/2022,0.1,2,245,0,
17606899,Condo in Bozeman · ★4.92 · 2 bedrooms · 3 beds · 2 baths,78849013,Stay Montana,,Bozeman,45.70696,-111.01901,Entire home/apt,230,3,26,7/27/2023,0.34,12,183,6,
18242184,Rental unit in Bozeman · ★4.96 · 1 bedroom · 1 bed · 1 bath,125690435,Kim & Cody,,Bozeman,45.6835,-111.10053,Entire home/apt,149,3,114,8/18/2023,1.46,1,291,13,
18309166,Guesthouse in Bozeman · ★4.98 · 1 bedroom · 2 beds · 1 bath,55985011,Jylissa & Derrick,,Bozeman,45.70977,-111.0797,Entire home/apt,150,30,46,9/24/2023,0.59,1,115,4,
18428989,Condo in Bozeman · ★5.0 · 3 bedrooms · 4 beds · 2 baths,78849013,Stay Montana,,Bozeman,45.70604,-111.02771,Entire home/apt,109,30,5,4/8/2022,0.08,12,269,0,
18509621,Rental unit in Bozeman · ★4.88 · 2 bedrooms · 2 beds · 1 bath,121782093,Samantha,,Bozeman,45.6828,-111.0462,Entire home/apt,177,1,562,9/22/2023,7.21,3,72,110,
18610457,Townhouse in Bozeman · ★4.91 · 3 bedrooms · 5 beds · 1 bath,68872256,Meagan And Michael,,Bozeman,45.66819,-111.03475,Entire home/apt,159,2,338,9/9/2023,4.42,2,311,29,
18723425,Home in Bozeman · ★4.83 · 3 bedrooms · 4 beds · 2 baths,129302024,Dan & Alex,,Bozeman,45.68764,-111.09028,Entire home/apt,120,30,19,1/10/2023,0.25,1,261,1,
18756607,Rental unit in Bozeman · ★4.94 · Studio · 1 bed · 1 bath,130503649,Lisa,,Bozeman,45.71844,-111.06394,Entire home/apt,135,1,324,10/4/2023,4.17,2,361,25,
18876596,Rental unit in Bozeman · ★4.85 · 2 bedrooms · 4 beds · 1 bath,130503649,Lisa,,Bozeman,45.71263,-111.05554,Entire home/apt,157,1,262,10/1/2023,3.99,2,353,50,
19738080,Condo in Bozeman · ★4.30 · 1 bedroom · 2 beds · 1 bath,78849013,Stay Montana,,Bozeman,45.6801,-111.03939,Entire home/apt,74,30,10,11/21/2022,0.16,12,261,1,
19986314,Home in Bozeman · ★4.76 · 2 bedrooms · 2 beds · 1 bath,121782093,Samantha,,Bozeman,45.68148,-111.04859,Entire home/apt,173,1,437,9/19/2023,5.87,3,71,109,
20121999,Home in Bozeman · ★4.81 · 1 bedroom · 1 bed · 1 shared bath,13861863,Kendall,,Bozeman,45.67522049,-111.0305786,Private room,77,1,72,10/6/2023,0.96,3,356,5,
20468639,Home in Bozeman · ★4.71 · 1 bedroom · 1 bed · 1 private bath,146144535,Josh,,Bozeman,45.68745,-111.05545,Private room,81,1,521,9/23/2023,6.97,1,167,102,
21026158,Home in Bozeman · ★4.76 · 3 bedrooms · 5 beds · 3.5 baths,122381278,Evolve,,Bozeman,45.70092,-111.09442,Entire home/apt,214,2,46,9/10/2023,0.64,12,0,14,
21391763,Townhouse in Bozeman · ★4.97 · 3 bedrooms · 3 beds · 2 baths,33606492,Jordan,,Bozeman,45.68168,-111.09665,Entire home/apt,196,3,172,9/30/2023,2.4,1,30,31,
21436733,Condo in Bozeman · ★4.91 · 3 bedrooms · 3 beds · 2 baths,106429221,Vacation Homes Bozeman,,Bozeman,45.691377,-111.1156164,Entire home/apt,154,2,43,10/1/2023,0.63,5,161,7,
21563216,Rental unit in Bozeman · ★4.86 · 1 bedroom · 2 beds · 1 bath,147544279,Catrina,,Bozeman,45.68053,-111.04321,Entire home/apt,123,1,436,10/3/2023,6.14,1,140,96,
21788567,Loft in Bozeman · ★4.97 · 1 bedroom · 3 beds · 1 bath,22821126,Berit,,Bozeman,45.66276,-111.03298,Entire home/apt,182,1,153,10/3/2023,3.99,1,131,44,
22010637,Home in Bozeman · ★4.96 · 3 bedrooms · 3 beds · 2.5 baths,100568826,Victoria,,Bozeman,45.69652,-111.0813,Entire home/apt,188,1,399,10/3/2023,5.67,1,331,99,
22031067,Townhouse in Bozeman · ★4.82 · 3 bedrooms · 4 beds · 2.5 baths,158595657,Mountain Home,,Bozeman,45.70651,-111.01959,Entire home/apt,385,1,11,3/28/2023,0.26,25,262,4,
22031078,Home in Bozeman · ★5.0 · 4 bedrooms · 9 beds · 3 baths,158595657,Mountain Home,,Bozeman,45.67244,-111.03835,Entire home/apt,675,1,16,9/4/2023,0.42,25,119,6,
22031083,Townhouse in Bozeman · ★4.87 · 2 bedrooms · 2 beds · 2 baths,158595657,Mountain Home,,Bozeman,45.70629,-111.01963,Entire home/apt,300,1,15,8/3/2023,0.28,25,315,7,
22031084,Townhouse in Bozeman · ★4.80 · 3 bedrooms · 4 beds · 2.5 baths,158595657,Mountain Home,,Bozeman,45.707085,-111.020134,Entire home/apt,425,1,25,7/14/2023,0.44,25,326,5,
22031123,Townhouse in Bozeman · ★4.94 · 4 bedrooms · 5 beds · 3.5 baths,158595657,Mountain Home,,Bozeman,45.707302,-111.020195,Entire home/apt,548,1,17,6/24/2023,0.36,25,319,6,
22031166,Townhouse in Bozeman · ★4.84 · 2 bedrooms · 3 beds · 2.5 baths,158595657,Mountain Home,,Bozeman,45.68669,-111.02745,Entire home/apt,247,1,32,8/14/2021,0.5,25,263,0,
22031171,Home in Bozeman · ★4.86 · 3 bedrooms · 4 beds · 2.5 baths,158595657,Mountain Home,,Bozeman,45.68942,-111.05661,Entire home/apt,345,1,44,7/3/2023,0.96,25,312,11,
22467914,Guest suite in Bozeman · ★4.93 · 2 bedrooms · 2 beds · 1 bath,11104779,Sarah,,Bozeman,45.67704,-111.03458,Entire home/apt,150,2,223,9/29/2023,4.85,1,246,62,
22733838,Home in Bozeman · ★4.94 · 3 bedrooms · 4 beds · 2 baths,8224408,Paul,,Bozeman,45.68497,-111.02946,Entire home/apt,293,3,17,9/19/2023,0.28,22,259,6,
22925801,Condo in Bozeman · ★4.99 · 2 bedrooms · 2 beds · 1 bath,169754903,VR Bozeman,,Bozeman,45.680634,-111.030121,Entire home/apt,240,1,189,9/27/2023,2.75,5,261,47,
22925892,Home in Bozeman · ★4.98 · 1 bedroom · 2 beds · 1 private bath,47859142,Jason,,Bozeman,45.68583,-111.03532,Private room,107,1,398,9/17/2023,5.74,1,7,32,
23191331,Rental unit in Bozeman · ★4.85 · 2 bedrooms · 2 beds · 1 bath,121782093,Samantha,,Bozeman,45.68196,-111.04504,Entire home/apt,176,1,283,9/19/2023,4.25,3,72,75,
23269653,Home in Bozeman · ★4.92 · 2 bedrooms · 2 beds · 1.5 baths,106429221,Vacation Homes Bozeman,,Bozeman,45.68218923,-111.0952056,Entire home/apt,157,2,50,10/1/2023,0.74,5,243,8,
23685855,Townhouse in Bozeman · ★4.0 · 2 bedrooms · 2 beds · 1 bath,122381278,Evolve,,Bozeman,45.66846,-111.04046,Entire home/apt,96,28,7,4/14/2023,0.14,12,250,3,
23689274,Bungalow in Bozeman · ★5.0 · 3 bedrooms · 3 beds · 3 baths,24882747,Kerry,,Bozeman,45.67713,-111.04563,Entire home/apt,327,3,38,9/25/2023,0.58,1,296,8,
23945254,Home in Bozeman · ★5.0 · 2 bedrooms · 3 beds · 1 bath,8224408,Paul,,Bozeman,45.68283,-111.0295,Entire home/apt,240,3,33,2/21/2023,0.51,22,302,3,
23947268,Home in Bozeman · ★4.75 · 2 bedrooms · 4 beds · 2.5 baths,8224408,Paul,,Bozeman,45.68181,-111.02854,Entire home/apt,334,4,16,5/25/2023,0.25,22,165,1,
24075266,Home in Bozeman · ★4.98 · 1 bedroom · 1 bed · 1 private bath,176207616,Elin,,Bozeman,45.67712,-111.05146,Private room,95,1,155,10/5/2023,2.48,1,0,30,
25113972,Townhouse in Bozeman · ★4.98 · 3 bedrooms · 6 beds · 2 baths,171508189,Coleen,,Bozeman,45.67414,-111.08677,Entire home/apt,198,3,185,8/16/2023,2.85,1,161,22,
25321668,Condo in Bozeman · ★4.95 · 4 bedrooms · 4 beds · 3.5 baths,122381278,Evolve,,Bozeman,45.67941,-111.09516,Entire home/apt,328,4,43,9/23/2023,0.71,12,306,10,
25420087,Townhouse in Bozeman · ★5.0 · 3 bedrooms · 4 beds · 2.5 baths,8224408,Paul,,Bozeman,45.68198,-111.03668,Entire home/apt,346,3,27,9/10/2023,0.44,22,330,7,
25549889,Townhouse in Bozeman · ★4.79 · 2 bedrooms · 2 beds · 1 bath,36548325,Doug,,Bozeman,45.68187,-111.04339,Entire home/apt,171,3,136,9/10/2023,2.1,2,74,24,
25580821,Home in Bozeman · ★4.91 · 3 bedrooms · 4 beds · 2.5 baths,106429221,Vacation Homes Bozeman,,Bozeman,45.6827985,-111.0953193,Entire home/apt,185,2,68,9/24/2023,1.07,5,348,10,
26925982,Guesthouse in Bozeman · ★4.94 · 1 bedroom · 1 bed · 1 bath,221430490,Jen,,Bozeman,45.67822,-111.0993,Entire home/apt,132,3,93,10/3/2023,1.53,1,144,28,
27113338,Rental unit in Bozeman · ★4.81 · Studio · 1 bed · 1 bath,40166238,Sunny,,Bozeman,45.67693,-111.05311,Entire home/apt,95,28,48,2/23/2023,0.77,2,306,2,
27284221,Guest suite in Bozeman · ★4.93 · 2 bedrooms · 2 beds · 1 bath,205016195,Erik,,Bozeman,45.71173477,-111.0338135,Entire home/apt,196,2,107,9/11/2023,1.84,1,361,16,
27306044,Home in Bozeman · ★5.0 · Studio · 3 beds · 1 bath,4635454,Jeanne,,Bozeman,45.67608,-111.04178,Entire home/apt,99,31,7,9/22/2023,0.3,1,165,2,
27730357,Home in Bozeman · 4 bedrooms · 5 beds · 2 baths,209352450,Sarah,,Bozeman,45.67086,-111.04026,Entire home/apt,350,2,2,2/22/2023,0.16,1,181,1,
27809237,Home in Bozeman · 2 bedrooms · 1 bed · 1 shared bath,199558628,Vanessa,,Bozeman,45.68697,-111.08948,Private room,90,2,0,,,1,0,0,
27854265,Home in Bozeman · ★4.92 · 1 bedroom · 1 bed · 1 private bath,7722453,Rachel,,Bozeman,45.66062,-111.01597,Private room,141,7,24,9/17/2023,0.39,3,87,5,
27988420,Townhouse in Bozeman · ★4.67 · 2 bedrooms · 4 beds · 3.5 baths,122381278,Evolve,,Bozeman,45.66851,-111.04052,Entire home/apt,152,28,3,10/19/2022,0.08,12,160,1,
28258956,Guesthouse in Bozeman · ★4.99 · 1 bedroom · 1 bed · 1 bath,213440316,Beth,,Bozeman,45.67917,-111.09909,Entire home/apt,195,2,169,10/1/2023,2.75,1,329,22,
29494537,Townhouse in Bozeman · ★4.86 · 3 bedrooms · 7 beds · 2.5 baths,222135275,Lauren,,Bozeman,45.66693,-111.0565,Entire home/apt,300,2,153,9/18/2023,2.59,3,11,44,
29828057,Rental unit in Bozeman · ★4.69 · 1 bedroom · 1 bed · 1 bath,158595657,Mountain Home,,Bozeman,45.67108,-111.045105,Entire home/apt,210,1,49,9/8/2023,0.91,25,352,14,
29899479,Bungalow in Bozeman · ★5.0 · 2 bedrooms · 2 beds · 1 bath,224820389,Shawna,,Bozeman,45.68219,-111.04814,Entire home/apt,105,29,4,7/30/2023,0.28,1,126,3,
30326352,Home in Bozeman · ★4.98 · 1 bedroom · 1 bed · 1 private bath,96363366,Jason,,Bozeman,45.68367,-111.04468,Private room,172,1,61,10/1/2023,2.97,1,333,23,
30397317,Loft in Bozeman · ★4.91 · Studio · 1 bed · 1 bath,58894863,Amy,,Bozeman,45.67884,-111.01843,Entire home/apt,122,1,460,10/4/2023,7.84,1,157,107,
30421899,Townhouse in Bozeman · ★4.92 · 3 bedrooms · 6 beds · 2.5 baths,222135275,Lauren,,Bozeman,45.67334,-111.05763,Entire home/apt,282,1,186,9/17/2023,3.17,3,56,47,
31341829,Townhouse in Bozeman · ★4.98 · 3 bedrooms · 4 beds · 2 baths,14612117,Kietra,,Bozeman,45.68988,-111.10514,Entire home/apt,350,2,46,8/21/2023,1.03,1,201,6,
31905516,Townhouse in Bozeman · ★5.0 · 1 bedroom · 1 bed · 1.5 baths,33934983,Melissa,,Bozeman,45.68604,-111.05512,Entire home/apt,180,4,4,7/12/2022,0.07,1,316,0,
33094078,Townhouse in Bozeman · ★4.99 · 3 bedrooms · 3 beds · 2 baths,133422103,Tess,,Bozeman,45.67912,-111.0784,Entire home/apt,279,3,157,9/6/2023,2.86,1,226,20,
33241999,Condo in Bozeman · ★4.67 · 2 bedrooms · 2 beds · 2 baths,78849013,Stay Montana,,Bozeman,45.6779,-111.02176,Entire home/apt,199,2,27,9/11/2023,0.52,12,327,4,
33851416,Home in Bozeman · ★4.91 · 2 bedrooms · 3 beds · 1 bath,255480314,Mike & Emily,,Bozeman,45.6855,-111.10105,Entire home/apt,164,1,264,9/24/2023,5.29,1,137,41,
34544180,Rental unit in Bozeman · ★4.97 · 1 bedroom · 1 bed · 1 bath,74678789,Kelly,,Bozeman,45.68174,-111.10066,Entire home/apt,129,2,159,3/2/2023,3.04,1,199,11,
34889598,Cottage in Bozeman · ★5.0 · Studio · 1 bed · 1 bath,10828597,Amy,,Bozeman,45.68332,-111.02781,Entire home/apt,86,28,8,9/9/2023,0.44,1,321,5,
35577163,Home in Bozeman · ★5.0 · 2 bedrooms · 2 beds · 1 bath,8224408,Paul,,Bozeman,45.67709,-111.04909,Entire home/apt,208,4,23,9/11/2023,0.45,22,346,4,
36097634,Rental unit in Bozeman · ★4.84 · 2 bedrooms · 3 beds · 2 baths,271534497,Jason,,Bozeman,45.68864,-111.04161,Entire home/apt,203,3,45,9/8/2023,0.89,2,342,12,
36181219,Home in Bozeman · ★4.92 · 2 bedrooms · 3 beds · 1.5 baths,272118985,Robin,,Bozeman,45.6856,-111.02671,Entire home/apt,375,3,26,6/18/2023,0.51,1,179,1,
36518869,Rental unit in Bozeman · ★4.96 · 1 bedroom · 1 bed · 1 bath,274550698,Amanda,,Bozeman,45.67890311,-111.0998532,Entire home/apt,150,2,49,9/21/2023,1.01,1,309,14,
36798038,Condo in Bozeman · ★4.83 · 3 bedrooms · 4 beds · 2 baths,1978098,Kimberly,,Bozeman,45.66114,-111.03716,Entire home/apt,164,1,149,9/22/2023,2.91,1,358,47,
36799435,Home in Bozeman · ★4.98 · 3 bedrooms · 3 beds · 2.5 baths,177693150,Alexa,,Bozeman,45.68742,-111.05745,Entire home/apt,200,5,110,9/24/2023,2.21,1,86,25,
36931430,Guesthouse in Bozeman · ★4.96 · 1 bedroom · 2 beds · 1 bath,41269419,Chase,,Bozeman,45.69669,-111.09403,Entire home/apt,99,2,342,10/6/2023,6.71,1,152,63,
37483040,Rental unit in Bozeman · ★4.75 · 1 bedroom · 2 beds · 1 bath,21088231,Justine,,Bozeman,45.68849,-111.03182,Entire home/apt,120,1,305,9/23/2023,6.05,2,284,72,
37658979,Home in Bozeman · ★5.0 · 3 bedrooms · 5 beds · 2 baths,8224408,Paul,,Bozeman,45.67626,-111.03297,Entire home/apt,313,3,24,10/2/2023,0.48,22,280,7,
37878272,Rental unit in Bozeman · ★4.65 · 1 bedroom · 2 beds · 1 bath,21088231,Justine,,Bozeman,45.68786,-111.0306,Entire home/apt,92,1,339,9/23/2023,6.75,2,262,82,
38379009,Home in Bozeman · ★4.66 · 2 bedrooms · 2 beds · 1 bath,104010331,Dream MT,,Bozeman,45.68676,-111.03931,Entire home/apt,220,2,41,9/19/2023,0.84,10,356,4,
39002591,Guesthouse in Bozeman · ★4.97 · Studio · 2 beds · 1 bath,45830254,Phillip + Kristyn,,Bozeman,45.67519,-111.05651,Entire home/apt,106,2,205,9/28/2023,4.32,1,104,73,
39028561,Cottage in Bozeman · ★4.95 · 2 bedrooms · 4 beds · 2 baths,299079914,Bart,,Bozeman,45.66400909,-111.0310822,Entire home/apt,165,2,145,7/31/2023,2.99,1,314,23,
39551580,Home in Bozeman · ★4.89 · 2 bedrooms · 2 beds · 2 baths,8224408,Paul,,Bozeman,45.68501,-111.03931,Entire home/apt,229,3,19,4/8/2023,0.53,22,341,2,
39642791,Home in Bozeman · ★5.0 · 1 bedroom · 1 bed · 1 bath,304628102,Lisa,,Bozeman,45.64474,-111.06422,Entire home/apt,211,1,56,9/29/2023,1.27,4,355,12,
39951421,Home in Bozeman · ★4.93 · 4 bedrooms · 6 beds · 2 baths,8224408,Paul,,Bozeman,45.68302,-111.03683,Entire home/apt,398,3,14,9/26/2023,0.32,22,299,5,
39951635,Home in Bozeman · ★4.90 · 2 bedrooms · 3 beds · 2 baths,8224408,Paul,,Bozeman,45.68331,-111.02892,Entire home/apt,251,4,10,8/15/2023,0.23,22,345,3,
40064041,Home in Bozeman · ★4.90 · 3 bedrooms · 3 beds · 2 baths,27846465,Rebecca,,Bozeman,45.67368,-111.04998,Entire home/apt,250,2,111,9/10/2023,2.52,1,61,25,
40202339,Home in Bozeman · ★5.0 · 1 bedroom · 2 beds · 1 bath,310484531,Lisa,,Bozeman,45.67773,-111.0346,Entire home/apt,239,3,52,6/9/2023,1.18,1,179,7,
40806022,Rental unit in Bozeman · ★4.73 · 3 bedrooms · 4 beds · 1 bath,317251520,Katie,,Bozeman,45.6827,-111.04561,Entire home/apt,139,2,148,9/27/2023,3.41,5,71,81,
40913911,Boutique hotel in Bozeman · ★4.67 · 1 bedroom · 2 beds · 1 private bath,318737520,RSVP Hotel,,Bozeman,45.68493,-111.04574,Private room,358,1,15,4/24/2022,0.35,8,95,0,
41080693,Townhouse in Bozeman · ★4.96 · 2 bedrooms · 2 beds · 2.5 baths,206664747,Penny And Bryce,,Bozeman,45.68641,-111.10851,Entire home/apt,264,2,49,8/20/2023,1.08,1,120,8,
41296861,Rental unit in Bozeman · ★4.80 · 2 bedrooms · 3 beds · 1 bath,32302835,Sarah,,Bozeman,45.68151,-111.04976,Entire home/apt,165,2,191,9/10/2023,4.23,1,0,34,
41430974,Home in Bozeman · ★4.93 · 3 bedrooms · 3 beds · 1 bath,222903364,Debbie,,Bozeman,45.68399,-111.06462,Entire home/apt,178,3,122,9/19/2023,2.74,1,76,24,
41749663,Townhouse in Bozeman · ★4.98 · 3 bedrooms · 3 beds · 3 baths,329791321,Patrick,,Bozeman,45.72972,-111.06746,Entire home/apt,393,30,62,9/15/2023,1.54,1,340,16,
42330186,Rental unit in Bozeman · ★4.98 · 2 bedrooms · 3 beds · 1 bath,80123200,Heather,,Bozeman,45.68531,-111.03714,Entire home/apt,150,1,298,9/19/2023,6.79,1,125,93,
42471467,Guesthouse in Bozeman · ★4.97 · 1 bedroom · 2 beds · 1 bath,22366054,Tessa,,Bozeman,45.68469,-111.03912,Entire home/apt,218,2,246,10/4/2023,5.7,6,294,48,
42563510,Condo in Bozeman · ★4.93 · 2 bedrooms · 2 beds · 2 baths,122381278,Evolve,,Bozeman,45.67899,-111.02318,Entire home/apt,194,2,57,9/24/2023,1.45,12,328,16,
42690670,Cottage in Bozeman · ★4.97 · 2 bedrooms · 2 beds · 2 baths,340073907,Bo And Kelley,,Bozeman,45.68477,-111.03245,Entire home/apt,224,2,115,9/11/2023,3.18,1,127,30,
42913733,Home in Bozeman · ★4.97 · 1 bedroom · 1 bed · 1 bath,2209026,Kristen,,Bozeman,45.68426,-111.02361,Entire home/apt,172,3,86,10/2/2023,2.49,2,330,35,
43516278,Guest suite in Bozeman · ★4.78 · 2 bedrooms · 3 beds · 1 bath,26925375,Loretta & Jack,,Bozeman,45.67757,-111.03405,Entire home/apt,151,1,264,9/30/2023,6.57,2,346,71,
43624070,Townhouse in Bozeman · ★4.94 · 2 bedrooms · 2 beds · 2 baths,2485195,Kay,,Bozeman,45.66105,-111.03419,Entire home/apt,153,3,80,10/1/2023,2.86,1,14,30,
43689621,Guest suite in Bozeman · ★4.91 · 1 bedroom · 1 bed · 1 bath,22056231,Kelsey,,Bozeman,45.68364,-111.04161,Entire home/apt,128,2,181,10/7/2023,4.5,1,134,57,
43745279,Home in Bozeman · ★5.0 · 6 bedrooms · 8 beds · 6.5 baths,8224408,Paul,,Bozeman,45.67626,-111.03205,Entire home/apt,788,3,12,8/16/2023,0.37,22,277,3,
43745323,Townhouse in Bozeman · ★5.0 · 2 bedrooms · 2 beds · 2 baths,8224408,Paul,,Bozeman,45.70646,-111.02114,Entire home/apt,346,4,9,7/10/2022,0.26,22,340,0,
43745331,Home in Bozeman · ★5.0 · 2 bedrooms · 3 beds · 2 baths,8224408,Paul,,Bozeman,45.68406,-111.03148,Entire home/apt,366,4,8,3/18/2023,0.22,22,241,2,
43788075,Guesthouse in Bozeman · ★4.95 · 1 bedroom · 1 bed · 1 bath,141188755,Emily,,Bozeman,45.68665,-111.02744,Entire home/apt,160,2,171,9/29/2023,4.55,1,82,54,
43836157,Condo in Bozeman · ★4.81 · 1 bedroom · 1 bed · 1 bath,350610001,Garrett,,Bozeman,45.67673,-111.0885,Entire home/apt,95,2,21,9/30/2023,0.72,1,4,6,
43928912,Condo in Bozeman · ★4.95 · 1 bedroom · 1 bed · 1 bath,169754903,VR Bozeman,,Bozeman,45.67809,-111.03002,Entire home/apt,215,1,85,9/25/2023,2.15,5,8,28,
43928924,Rental unit in Bozeman · ★4.89 · 2 bedrooms · 2 beds · 1 bath,169754903,VR Bozeman,,Bozeman,45.6781,-111.03002,Entire home/apt,211,1,71,8/17/2023,1.85,5,8,17,
44062808,Home in Bozeman · ★4.94 · 4 bedrooms · 7 beds · 2.5 baths,304628102,Lisa,,Bozeman,45.64666,-111.06426,Entire home/apt,700,2,17,9/17/2023,0.6,4,304,3,
45027743,Guesthouse in Bozeman · ★5.0 · 1 bedroom · 1 bath,80104837,Arne,,Bozeman,45.67701,-111.04049,Entire home/apt,245,2,37,10/1/2023,1.01,2,338,5,
45075319,Rental unit in Bozeman · ★4.98 · 1 bedroom · 1 bed · 1 bath,219957508,Luke,,Bozeman,45.68884,-111.06606,Entire home/apt,194,1,310,10/7/2023,8.25,1,69,90,
45179305,Home in Bozeman · ★4.96 · 2 bedrooms · 2 beds · 1 bath,31042092,Bri,,Bozeman,45.67728,-111.03355,Entire home/apt,300,3,54,7/1/2023,1.44,1,26,12,
45381974,Home in Bozeman · ★4.69 · 3 bedrooms · 3 beds · 1 bath,317251520,Katie,,Bozeman,45.68285,-111.04523,Entire home/apt,164,2,48,5/27/2023,1.4,5,0,29,
45543284,Condo in Bozeman · ★4.99 · 1 bedroom · 2 beds · 1 bath,241117654,Abigail,,Bozeman,45.67773,-111.04718,Entire home/apt,209,2,80,10/1/2023,5.39,1,0,66,
45636583,Condo in Bozeman · ★4.93 · 1 bedroom · 2 beds · 1 bath,368324386,John,,Bozeman,45.67916,-111.04732,Entire home/apt,128,2,161,10/1/2023,4.45,1,188,54,
45825187,Condo in Bozeman · ★4.99 · 1 bedroom · 1 bed · 1 bath,27061791,Ambrose & Jill,,Bozeman,45.67761,-111.04702,Entire home/apt,192,2,135,10/3/2023,3.94,1,0,57,
45879842,Home in Bozeman · 4 bedrooms · 4 beds · 3 baths,3056473,Kelly,,Bozeman,45.67102,-111.03358,Entire home/apt,230,30,0,,,1,63,0,
46104133,Home in Bozeman · ★4.75 · 3 bedrooms · 3 beds · 1 bath,104010331,Dream MT,,Bozeman,45.68038,-111.04265,Entire home/apt,385,3,36,3/7/2023,1.03,10,160,5,
46335623,Condo in Bozeman · ★4.99 · 1 bedroom · 2 beds · 1 bath,334582361,Kelly,,Bozeman,45.67934,-111.04826,Entire home/apt,193,3,114,9/29/2023,3.26,1,278,41,
46377655,Home in Bozeman · ★4.99 · 3 bedrooms · 3 beds · 2 baths,169754903,VR Bozeman,,Bozeman,45.6781,-111.03002,Entire home/apt,327,1,68,10/1/2023,2.29,5,192,24,
46641566,Guest suite in Bozeman · ★4.92 · 1 bedroom · 2 beds · 1 bath,7161309,Orlando,,Bozeman,45.70168,-111.09859,Entire home/apt,100,28,26,9/6/2023,0.76,3,262,9,
46816607,Camper/RV in Bozeman · ★4.94 · 1 bedroom · 3 beds · 1 bath,7831671,Lei-Anna & Troy,,Bozeman,45.69257,-111.02437,Entire home/apt,86,1,31,10/2/2023,1.33,1,112,11,
47056552,Boutique hotel in Bozeman · ★4.89 · 1 bedroom · 1 bed · 1 private bath,318737520,RSVP Hotel,,Bozeman,45.68493,-111.04574,Private room,258,1,70,6/12/2023,2.07,8,75,12,
47056582,Boutique hotel in Bozeman · ★4.63 · 1 bedroom · 2 beds · 1 private bath,318737520,RSVP Hotel,,Bozeman,45.68493,-111.04574,Private room,274,1,32,6/20/2023,0.95,8,84,6,
47056646,Boutique hotel in Bozeman · ★4.93 · 1 bedroom · 1 bed · 1 private bath,318737520,RSVP Hotel,,Bozeman,45.68493,-111.04574,Private room,268,1,42,4/22/2023,1.28,8,76,6,
47056677,Boutique hotel in Bozeman · ★4.88 · 1 bedroom · 2 beds · 1 private bath,318737520,RSVP Hotel,,Bozeman,45.68493,-111.04574,Private room,338,1,8,7/3/2023,0.26,8,81,2,
47056720,Boutique hotel in Bozeman · 1 bedroom · 2 beds · 1 private bath,318737520,RSVP Hotel,,Bozeman,45.68493,-111.04574,Private room,338,1,1,6/3/2021,0.03,8,68,0,
47057068,Boutique hotel in Bozeman · ★4.83 · 1 bedroom · 2 beds · 1 private bath,318737520,RSVP Hotel,,Bozeman,45.68493,-111.04574,Private room,274,1,132,8/25/2023,3.91,8,84,29,
47097461,Boutique hotel in Bozeman · 1 bedroom · 1 bed · 1 private bath,318737520,RSVP Hotel,,Bozeman,45.68493,-111.04574,Private room,318,1,1,3/14/2021,0.03,8,77,0,
47314704,Bungalow in Bozeman · ★5.0 · 1 bedroom · 1 bed · 1 bath,304628102,Lisa,,Bozeman,45.647,-111.0652,Entire home/apt,185,1,84,9/29/2023,2.61,4,201,48,
47359172,Condo in Bozeman · ★4.86 · 1 bedroom · 2 beds · 1 bath,78849013,Stay Montana,,Bozeman,45.69913,-111.04347,Entire home/apt,178,1,59,9/14/2023,1.82,12,361,12,
47469271,Rental unit in Bozeman · ★4.96 · 2 bedrooms · 3 beds · 1 bath,207748076,Richard,,Bozeman,45.67383,-111.05377,Entire home/apt,157,2,24,10/2/2023,1.43,1,135,15,
47501268,Guest suite in Bozeman · ★4.99 · 1 bedroom · 1 bed · 1 bath,42711132,Chris,,Bozeman,45.68301,-111.11277,Entire home/apt,148,2,78,10/1/2023,2.78,1,172,22,
47769612,Rental unit in Bozeman · ★4.91 · 3 bedrooms · 4 beds · 1 bath,374451536,Dan,,Bozeman,45.68269,-111.04383,Entire home/apt,294,2,108,9/14/2023,3.33,3,357,38,
47871817,Rental unit in Bozeman · ★4.81 · Studio · 1 bed · 1 bath,317251520,Katie,,Bozeman,45.68282,-111.04558,Entire home/apt,134,2,191,9/28/2023,6.19,5,74,107,
47885451,Condo in Bozeman · ★4.67 · 1 bedroom · 1 bed · 1 bath,158595657,Mountain Home,,Bozeman,45.692997,-111.03537,Entire home/apt,165,1,36,9/25/2023,1.13,25,344,15,
47890304,Condo in Bozeman · ★4.98 · 1 bedroom · 2 beds · 1 bath,21834257,Jacqui,,Bozeman,45.67851,-111.04722,Entire home/apt,154,2,129,10/1/2023,3.97,1,280,55,
47906487,Rental unit in Bozeman · ★4.89 · 1 bedroom · 2 beds · 1 bath,374451536,Dan,,Bozeman,45.68117,-111.04377,Entire home/apt,197,2,114,9/24/2023,3.58,3,219,33,
47966159,Condo in Bozeman · ★5.0 · 2 bedrooms · 2 beds · 2.5 baths,62463332,Devan,,Bozeman,45.64895,-111.06869,Entire home/apt,203,2,4,7/18/2023,0.26,1,18,1,
48030423,Condo in Bozeman · ★4.83 · 2 bedrooms · 2 beds · 2 baths,158595657,Mountain Home,,Bozeman,45.692997,-111.03537,Entire home/apt,275,1,30,9/17/2023,0.94,25,354,12,
48122335,Townhouse in Bozeman · ★4.99 · 1 bedroom · 2 beds · 1 bath,103773075,Bozeman Montana,,Bozeman,45.684978,-111.041138,Entire home/apt,193,2,85,10/1/2023,2.64,4,317,27,
48167177,Rental unit in Bozeman · ★4.94 · 1 bedroom · 1 bed · 1 bath,4080107,Elise,,Bozeman,45.67814,-111.04756,Entire home/apt,169,1,128,9/29/2023,4.06,2,138,40,
48168037,Rental unit in Bozeman · ★4.87 · 1 bedroom · 1 bed · 1 bath,4080107,Elise,,Bozeman,45.67814,-111.04756,Entire home/apt,158,1,151,9/27/2023,4.77,2,155,39,
48200822,Guest suite in Bozeman · ★4.98 · Studio · 1 bed · 1 bath,150728239,Jessica,,Bozeman,45.6714,-111.05277,Entire home/apt,139,1,220,10/7/2023,6.93,1,217,80,
48428210,Condo in Bozeman · ★5.0 · 1 bedroom · 1 bed · 1 bath,205470126,Chris,,Bozeman,45.69539,-111.06816,Entire home/apt,124,29,21,10/11/2022,0.68,1,121,1,
48563248,Rental unit in Bozeman · ★4.97 · 2 bedrooms · 2 beds · 2 baths,166104792,Caleb And Madison,,Bozeman,45.68237,-111.03918,Entire home/apt,198,2,88,10/2/2023,4.07,2,304,45,
48700264,Townhouse in Bozeman · ★5.0 · 3 bedrooms · 4 beds · 2.5 baths,44342268,Sam,,Bozeman,45.67968,-111.09647,Entire home/apt,226,4,27,9/25/2023,0.91,1,255,16,
48793153,Home in Bozeman · ★4.86 · 4 bedrooms · 8 beds · 2 baths,393645536,Arik And Rachel,,Bozeman,45.68743,-111.05715,Entire home/apt,262,3,50,9/24/2023,1.7,1,269,21,
48935787,Condo in Bozeman · ★4.50 · 1 bedroom · 2 beds · 1 bath,78849013,Stay Montana,,Bozeman,45.67734,-111.04709,Entire home/apt,92,30,4,12/17/2022,0.15,12,213,1,
48974287,Guesthouse in Bozeman · ★4.90 · 1 bedroom · 1 bed · 1 bath,6343008,Drew,,Bozeman,45.69059,-111.09576,Entire home/apt,133,3,41,10/2/2023,2,1,141,33,
48979458,Home in Bozeman · ★4.96 · 2 bedrooms · 2 beds · 2 baths,179304077,Jami,,Bozeman,45.71233,-111.07847,Entire home/apt,250,2,27,9/16/2023,0.99,1,331,10,
49045151,Home in Bozeman · ★4.90 · 2 bedrooms · 2 beds · 1 bath,174302859,Alayna,,Bozeman,45.66441,-111.04006,Entire home/apt,85,24,10,8/31/2023,0.35,1,104,6,
49096743,Guesthouse in Bozeman · ★4.96 · 1 bedroom · 1 bed · 1 bath,395972229,Cody,,Bozeman,45.69013,-111.09505,Entire home/apt,159,1,140,10/4/2023,4.98,1,164,68,
49176919,Bungalow in Bozeman · ★4.91 · 3 bedrooms · 3 beds · 1 bath,396671231,Casey,,Bozeman,45.6788,-111.07683,Entire home/apt,285,3,22,8/21/2023,0.74,1,85,1,
49196937,Townhouse in Bozeman · ★5.0 · 3 bedrooms · 3 beds · 3 baths,8224408,Paul,,Bozeman,45.68296,-111.03711,Entire home/apt,446,4,6,7/23/2023,0.22,22,290,1,
49426669,Townhouse in Bozeman · ★4.71 · 3 bedrooms · 4 beds · 2 baths,398642839,Dirk,,Bozeman,45.67174,-111.058,Entire home/apt,181,28,7,8/11/2023,0.24,1,118,1,
49563956,Home in Bozeman · ★5.0 · 1 bedroom · 1 bed · 1 bath,72406868,Jeni,,Bozeman,45.68269,-111.10016,Entire home/apt,229,1,100,9/23/2023,3.6,1,359,34,
49585772,Condo in Bozeman · ★4.94 · 1 bedroom · 2 beds · 1 bath,122381278,Evolve,,Bozeman,45.67814,-111.04756,Entire home/apt,121,3,51,9/7/2023,1.75,12,321,16,
49638052,Condo in Bozeman · ★4.90 · 1 bedroom · 2 beds · 1 bath,16439933,Caitlin,,Bozeman,45.67702,-111.04866,Entire home/apt,232,3,60,9/9/2023,2.12,1,144,12,
49748930,Home in Bozeman · ★5.0 · 1 bedroom · 1 bed · 1 bath,158595657,Mountain Home,,Bozeman,45.683002,-111.10436,Entire home/apt,220,1,23,6/19/2023,1.14,25,350,5,
49748933,Home in Bozeman · ★4.91 · 3 bedrooms · 3 beds · 2 baths,158595657,Mountain Home,,Bozeman,45.683002,-111.10436,Entire home/apt,385,1,22,10/3/2023,0.79,25,348,10,
49808248,Townhouse in Bozeman · ★4.98 · 3 bedrooms · 4 beds · 2.5 baths,163200599,Julie,,Bozeman,45.70094,-111.07488,Entire home/apt,231,2,95,9/23/2023,3.36,1,153,29,
50075610,Condo in Bozeman · ★4.98 · 1 bedroom · 2 beds · 1 bath,219491,Elinor (Ellie),,Bozeman,45.678143,-111.047562,Entire home/apt,175,1,139,9/28/2023,4.95,3,291,63,
50191565,Townhouse in Bozeman · ★4.97 · 3 bedrooms · 3 beds · 3.5 baths,158595657,Mountain Home,,Bozeman,45.68531,-111.04242,Entire home/apt,800,1,29,10/2/2023,1.16,25,332,16,
50196973,Home in Bozeman · ★4.96 · 2 bedrooms · 2 beds · 2 baths,103773075,Bozeman Montana,,Bozeman,45.684978,-111.041138,Entire home/apt,245,3,27,9/18/2023,0.98,4,50,6,
50246548,Home in Bozeman · ★4.97 · 2 bedrooms · 5 beds · 1 bath,3083856,Carrie,,Bozeman,45.678143,-111.047562,Entire home/apt,182,1,103,10/6/2023,3.89,2,246,34,
50268142,Guesthouse in Bozeman · ★5.0 · 1 bedroom · 2 beds · 1 bath,17222868,Leah,,Bozeman,45.71015,-111.08063,Entire home/apt,140,28,28,10/1/2023,1,1,266,10,
50306115,Home in Bozeman · ★4.72 · 3 bedrooms · 3 beds · 2 baths,158595657,Mountain Home,,Bozeman,45.684452,-111.03921,Entire home/apt,250,1,18,6/10/2023,0.76,25,235,8,
50323448,Townhouse in Bozeman · ★5.0 · 1 bedroom · 1 bed · 1.5 baths,32162998,Sarah,,Bozeman,45.68578,-111.06836,Private room,84,1,137,9/28/2023,4.95,1,56,75,
50372449,Home in Bozeman · ★5.0 · 3 bedrooms · 3 beds · 2 baths,8224408,Paul,,Bozeman,45.68446,-111.03054,Entire home/apt,377,3,13,9/8/2023,0.59,22,18,5,
50520697,Guest suite in Bozeman · ★4.74 · 1 bedroom · 2 beds · 1 bath,26925375,Loretta & Jack,,Bozeman,45.67758,-111.03448,Entire home/apt,138,1,43,9/30/2023,1.54,2,71,26,
50523660,Townhouse in Bozeman · 3 bedrooms · 7 beds · 2.5 baths,222135275,Lauren,,Bozeman,45.64651,-111.05647,Entire home/apt,150,30,1,1/27/2022,0.05,3,358,0,
50545056,Guesthouse in Bozeman · ★4.96 · 1 bedroom · 2 beds · 1 bath,126115316,Brady,,Bozeman,45.68236,-111.02455,Entire home/apt,199,3,54,10/1/2023,2.93,1,74,15,
50570285,Home in Bozeman · ★5.0 · 3 bedrooms · 3 beds · 2 baths,147570980,Catherine,,Bozeman,45.67004,-111.04376,Entire home/apt,160,30,3,7/15/2023,0.14,2,253,2,
50675728,Condo in Bozeman · ★5.0 · 1 bedroom · 2 beds · 1 bath,87338185,Carrie,,Bozeman,45.678093,-111.046989,Entire home/apt,203,1,54,9/17/2023,2.68,2,148,21,
50708956,Condo in Bozeman · ★5.0 · 3 bedrooms · 4 beds · 2.5 baths,112975939,Haley,,Bozeman,45.69044,-111.11082,Entire home/apt,531,3,62,7/30/2023,2.26,2,309,22,
50779683,Guest suite in Bozeman · ★4.91 · 2 bedrooms · 3 beds · 1 bath,370721732,Rebecca,,Bozeman,45.67292,-111.04638,Entire home/apt,154,1,120,8/21/2023,4.37,2,0,21,
50912777,Home in Bozeman · ★4.98 · 1 bedroom · 2 beds · 1 bath,44596719,Jade,,Bozeman,45.68119,-111.03468,Entire home/apt,197,1,154,10/2/2023,6.59,2,318,70,
50980152,Guesthouse in Bozeman · ★4.96 · 1 bedroom · 1 bed · 1 bath,62405798,Ana,,Bozeman,45.674362,-111.033211,Entire home/apt,110,4,155,9/24/2023,5.99,1,30,68,
50980860,Home in Bozeman · ★5.0 · 4 bedrooms · 4 beds · 3 baths,8224408,Paul,,Bozeman,45.68353,-111.0355,Entire home/apt,418,4,14,9/12/2023,0.52,22,230,5,
51088432,Condo in Bozeman · ★4.98 · 1 bedroom · 2 beds · 1 bath,21497881,Victoria,,Bozeman,45.67872,-111.04854,Entire home/apt,135,28,62,8/12/2023,2.48,1,288,36,
51127349,Guesthouse in Bozeman · ★4.96 · 1 bedroom · 1 bath,62778374,John,,Bozeman,45.68804,-111.03484,Entire home/apt,179,3,48,9/17/2023,1.78,1,81,12,
51169010,Guesthouse in Bozeman · ★4.96 · 1 bedroom · 1 bed · 1.5 baths,409136809,Ryan,,Bozeman,45.68446,-111.02392,Entire home/apt,281,2,25,9/24/2023,0.98,1,163,6,
51169850,Townhouse in Bozeman · ★4.96 · 2 bedrooms · 2 beds · 2.5 baths,56404884,Sharon,,Bozeman,45.70245,-111.073448,Entire home/apt,227,2,67,10/2/2023,2.78,1,242,31,
51214592,Condo in Bozeman · ★4.92 · 1 bedroom · 1 bed · 1 bath,290273936,Mike,,Bozeman,45.70478,-111.02665,Entire home/apt,136,2,73,10/1/2023,3.32,1,350,40,
51225637,Condo in Bozeman · ★4.70 · 1 bedroom · 2 beds · 1 bath,414692326,Kenneth,,Bozeman,45.68094,-111.04684,Entire home/apt,124,2,73,9/30/2023,2.73,1,311,32,
51244535,Guest suite in Bozeman · ★4.92 · 1 bedroom · 1 bed · 1 bath,53146419,Olivia,,Bozeman,45.63512,-111.03432,Entire home/apt,65,3,12,9/21/2023,0.47,1,0,5,
51361417,Home in Bozeman · ★4.98 · 3 bedrooms · 5 beds · 2.5 baths,44712267,Emily,,Bozeman,45.68777,-111.05505,Entire home/apt,323,3,64,9/18/2023,2.42,1,74,26,
51366615,Rental unit in Bozeman · ★4.40 · 2 bedrooms · 2 beds · 1 bath,91012372,Peter,,Bozeman,45.66549,-111.04195,Entire home/apt,153,4,10,9/19/2023,0.56,3,78,9,
51390028,Guest suite in Bozeman · ★4.88 · 2 bedrooms · 2 beds · 1 bath,32865949,Laura,,Bozeman,45.6713,-111.05804,Entire home/apt,165,1,32,2/13/2023,1.61,1,215,5,
51421125,Condo in Bozeman · ★4.96 · 1 bedroom · 1 bed · 1 bath,416457956,Sean,,Bozeman,45.69865,-111.04675,Entire home/apt,142,2,46,9/30/2023,1.76,1,289,24,
51543047,Guest suite in Bozeman · ★4.94 · 2 bedrooms · 4 beds · 1 bath,391326883,Ken,,Bozeman,45.68758,-111.06143,Entire home/apt,231,1,78,9/17/2023,2.97,1,85,13,
51563790,Guest suite in Bozeman · ★4.96 · 1 bedroom · 2 beds · 1 bath,278688460,Jane,,Bozeman,45.67388,-111.04905,Entire home/apt,136,2,77,9/24/2023,3.88,1,34,41,
51825573,Cottage in Bozeman · ★4.95 · 2 bedrooms · 2 beds · 1 bath,1259005,Alexandria,,Bozeman,45.68239,-111.02943,Entire home/apt,194,1,77,10/4/2023,3.09,1,155,44,
51946585,Condo in Bozeman · ★4.92 · 2 bedrooms · 3 beds · 2 baths,112975939,Haley,,Bozeman,45.68194,-111.07714,Entire home/apt,193,3,97,9/11/2023,4.1,2,80,38,
52005720,Home in Bozeman · ★4.94 · 1 bedroom · 1 bed · 1 bath,103773075,Bozeman Montana,,Bozeman,45.685394,-111.034073,Entire home/apt,224,3,36,10/1/2023,1.47,4,354,18,
52164011,Condo in Bozeman · ★4.82 · 1 bedroom · 1 bed · 1 bath,317251520,Katie,,Bozeman,45.70839,-111.07288,Entire home/apt,135,2,177,9/21/2023,7.01,5,73,86,
52225142,Condo in Bozeman · ★4.91 · 3 bedrooms · 3 beds · 2.5 baths,9358423,Julie,,Bozeman,45.68662,-111.11566,Entire home/apt,244,3,34,9/25/2023,1.39,1,229,11,
52225520,Guest suite in Bozeman · ★4.97 · 1 bedroom · 1 bed · 1 bath,20710905,Jacquie,,Bozeman,45.67527,-111.0467,Entire home/apt,121,2,108,10/1/2023,4.49,1,140,51,
52258846,Condo in Bozeman · ★4.94 · 2 bedrooms · 3 beds · 1 bath,104010331,Dream MT,,Bozeman,45.68864,-111.04312,Entire home/apt,275,2,18,7/17/2023,0.73,10,355,1,
52281958,Rental unit in Bozeman · ★4.93 · 2 bedrooms · 2 beds · 1 bath,7161309,Orlando,,Bozeman,45.6776,-111.04815,Entire home/apt,144,3,97,10/1/2023,4.27,3,148,46,
52282359,Home in Bozeman · 4 bedrooms · 5 beds · 3 baths,22311745,Julie,,Bozeman,45.66389,-111.04308,Entire home/apt,195,30,2,3/10/2022,0.09,1,122,0,
52289413,Serviced apartment in Bozeman · ★4.96 · 3 bedrooms · 3 beds · 2 baths,193758323,Jill,,Bozeman,45.70275,-111.08729,Entire home/apt,396,3,26,8/18/2023,1.06,2,226,7,
52296660,Serviced apartment in Bozeman · ★4.92 · 1 bedroom · 1 bed · 1 bath,193758323,Jill,,Bozeman,45.70129,-111.08925,Entire home/apt,250,2,60,8/13/2023,2.42,2,15,9,
52303432,Condo in Bozeman · ★4.89 · 1 bedroom · 2 beds · 1 bath,271534497,Jason,,Bozeman,45.67758,-111.04696,Entire home/apt,175,3,36,9/18/2023,1.54,2,326,16,
52305194,Home in Bozeman · ★4.96 · 4 bedrooms · 4 beds · 2.5 baths,423332913,Mark,,Bozeman,45.69842,-111.08659,Entire home/apt,329,2,28,10/2/2023,1.14,1,128,12,
52351450,Condo in Bozeman · ★4.94 · 2 bedrooms · 3 beds · 2 baths,104010331,Dream MT,,Bozeman,45.68682,-111.04355,Entire home/apt,302,2,18,9/17/2023,0.84,10,333,7,
52422650,Condo in Bozeman · ★5.0 · 2 bedrooms · 2 beds · 2 baths,104010331,Dream MT,,Bozeman,45.68682,-111.04354,Entire home/apt,302,2,3,7/29/2022,0.19,10,330,0,
52425494,Condo in Bozeman · ★4.69 · 3 bedrooms · 3 beds · 2.5 baths,242945835,Stephanie,,Bozeman,45.70787322,-111.0812687,Entire home/apt,333,2,42,9/9/2023,1.77,1,9,8,
52436764,Guest suite in Bozeman · ★4.97 · 2 bedrooms · 2 beds · 1 bath,3502709,Dylan,,Bozeman,45.67581,-111.05659,Entire home/apt,112,1,181,10/6/2023,8.21,1,28,77,
52441838,Guest suite in Bozeman · ★4.79 · 1 bedroom · 1 bed · 1 private bath,35291991,Tiera,,Bozeman,45.71412,-111.02893,Private room,73,2,39,9/25/2023,1.6,1,129,25,
52457187,Rental unit in Bozeman · ★5.0 · 1 bedroom · 1 bed · 1 bath,357080696,Cooper,,Bozeman,45.68765,-111.06442,Entire home/apt,165,28,9,2/27/2023,0.4,1,329,2,
52513808,Condo in Bozeman · ★4.95 · 2 bedrooms · 2 beds · 2 baths,425045303,Jamie And Luke,,Bozeman,45.68719,-111.04393,Entire home/apt,232,3,39,9/24/2023,1.85,1,146,28,
52517800,Home in Bozeman · ★4.93 · 4 bedrooms · 5 beds · 4 baths,1015718,Shannon,,Bozeman,45.64779,-111.04087,Entire home/apt,299,3,14,2/6/2023,0.57,1,68,6,
52537069,Rental unit in Bozeman · ★4.84 · 3 bedrooms · 4 beds · 1 bath,374451536,Dan,,Bozeman,45.68326,-111.04303,Entire home/apt,259,2,58,9/18/2023,2.41,3,354,25,
52570170,Condo in Bozeman · ★4.78 · 2 bedrooms · 3 beds · 1.5 baths,12702811,Carla,,Bozeman,45.67941,-111.03955,Entire home/apt,221,3,46,9/25/2023,2.09,2,261,20,
52610317,Rental unit in Bozeman · ★4.95 · Studio · 3 beds · 1 bath,12702811,Carla,,Bozeman,45.68005,-111.03929,Entire home/apt,241,3,63,10/2/2023,3.29,2,259,34,
52615844,Condo in Bozeman · ★4.76 · 1 bedroom · 2 beds · 1 bath,78849013,Stay Montana,,Bozeman,45.69987,-111.04525,Entire home/apt,172,1,29,7/9/2023,1.25,12,358,7,
52620657,Guest suite in Bozeman · ★4.91 · 2 bedrooms · 4 beds · 2 baths,103579986,Hannah,,Bozeman,45.65618,-111.02506,Entire home/apt,224,1,79,9/24/2023,3.41,1,33,35,
52629865,Townhouse in Bozeman · ★4.25 · 2 bedrooms · 2 beds · 1 bath,122381278,Evolve,,Bozeman,45.66863,-111.04056,Entire home/apt,91,30,4,3/1/2023,0.21,12,194,2,
52733780,Home in Bozeman · 2 bedrooms · 2 beds · 1 private bath,310687828,Patti,,Bozeman,45.69083,-111.088905,Private room,115,28,0,,,1,173,0,
52809552,Home in Bozeman · ★5.0 · 1 bedroom · 1 bed · 1 bath,8224408,Paul,,Bozeman,45.68158,-111.02817,Entire home/apt,208,4,11,3/26/2023,0.48,22,171,5,
52864546,Home in Bozeman · ★4.67 · 5 bedrooms · 9 beds · 4.5 baths,428015297,Brian,,Bozeman,45.70222,-111.01177,Entire home/apt,850,7,3,7/2/2023,0.2,1,363,1,
52874624,Home in Bozeman · 4 bedrooms · 5 beds · 4 baths,122381278,Evolve,,Bozeman,45.64698,-111.03991,Entire home/apt,121,30,1,2/20/2022,0.05,12,83,0,
52894917,Home in Bozeman · ★4.94 · 4 bedrooms · 4 beds · 3.5 baths,122381278,Evolve,,Bozeman,45.66021,-111.02286,Entire home/apt,395,2,17,9/17/2023,0.73,12,343,5,
53149809,Condo in Bozeman · ★4.89 · 1 bedroom · 1 bed · 1 bath,158595657,Mountain Home,,Bozeman,45.687916,-111.044533,Entire home/apt,260,1,18,9/18/2023,0.9,25,348,7,
53151215,Condo in Bozeman · 1 bedroom · 1 bath,417219481,Olivia,,Bozeman,45.67944,-111.03692,Entire home/apt,200,25,1,9/2/2022,0.07,1,164,0,
53278276,Guesthouse in Bozeman · 1 bedroom · 1 bed · 1 bath,388858579,Neil,,Bozeman,45.67918,-111.09945,Entire home/apt,120,30,1,9/20/2022,0.08,4,310,0,
53281258,Condo in Bozeman · ★5.0 · Studio · 1 bed · 1 bath,225774632,Joe And Michelle,,Bozeman,45.68692,-111.04542,Entire home/apt,199,2,11,9/25/2023,0.5,3,345,5,
53395300,Rental unit in Bozeman · ★4.17 · 1 bedroom · 1 bed · 1 bath,158595657,Mountain Home,,Bozeman,45.683842,-111.039383,Entire home/apt,245,1,18,7/5/2023,0.82,25,280,6,
53444312,Home in Bozeman · ★4.98 · 3 bedrooms · 4 beds · 2 baths,191771128,Muneer,,Bozeman,45.68708,-111.11291,Entire home/apt,197,2,44,8/22/2023,2.83,1,150,32,
53493470,Condo in Bozeman · ★5.0 · 2 bedrooms · 3 beds · 2 baths,194602628,Lori,,Bozeman,45.678993,-111.022896,Entire home/apt,224,2,84,10/1/2023,3.84,1,206,48,
53607095,Condo in Bozeman · ★5.0 · 1 bedroom · 1 bed · 1 bath,225774632,Joe And Michelle,,Bozeman,45.68799,-111.04346,Entire home/apt,199,2,24,9/10/2023,1.11,3,199,10,
53611532,Townhouse in Bozeman · ★4.96 · 2 bedrooms · 3 beds · 1 bath,324665946,James,,Bozeman,45.68934,-111.04311,Entire home/apt,163,3,49,9/29/2023,2.92,1,312,27,
53614256,Condo in Bozeman · ★5.0 · 2 bedrooms · 2 beds · 2 baths,225774632,Joe And Michelle,,Bozeman,45.68845,-111.04488,Entire home/apt,299,2,25,7/31/2023,1.14,3,241,13,
53631171,Condo in Bozeman · ★4.83 · 3 bedrooms · 3 beds · 2 baths,434235941,Tuyet Ngan Thi,,Bozeman,45.6756,-111.06407,Entire home/apt,168,1,40,9/26/2023,1.85,3,346,16,
53663663,Condo in Bozeman · ★5.0 · 1 bedroom · 1 bed · 1 bath,339686590,Shaylee,,Bozeman,45.68693,-111.04391,Entire home/apt,196,3,48,10/1/2023,2.22,1,358,25,
53679965,Condo in Bozeman · ★4.80 · 1 bedroom · 1 bed · 1 shared bath,19442684,John,,Bozeman,45.67677,-111.07857,Private room,399,4,41,9/25/2023,1.95,2,364,7,
53699638,Home in Bozeman · ★4.50 · 2 bedrooms · 2 beds · 1.5 baths,104010331,Dream MT,,Bozeman,45.71380234,-111.0749435,Entire home/apt,220,7,6,7/3/2022,0.28,10,350,0,
53740492,Condo in Bozeman · ★4.96 · 2 bedrooms · 3 beds · 1.5 baths,20374203,Laura,,Bozeman,45.68156,-111.04654,Entire home/apt,220,3,26,10/2/2023,1.52,1,251,18,
53888773,Cottage in Bozeman · ★4.97 · 1 bedroom · 2 beds · 1 bath,60108530,Lark,,Bozeman,45.68372,-111.02553,Entire home/apt,156,2,135,10/6/2023,6.74,1,215,95,
54002559,Townhouse in Bozeman · ★5.0 · 2 bedrooms · 2 beds · 2.5 baths,308336264,Bonnie And Sam,,Bozeman,45.7283,-111.06929,Entire home/apt,120,30,4,5/15/2023,0.2,1,14,1,
54034685,Home in Bozeman · ★5.0 · 4 bedrooms · 4 beds · 3.5 baths,8224408,Paul,,Bozeman,45.67464,-111.03546,Entire home/apt,418,3,16,4/21/2023,0.77,22,126,7,
54056354,Home in Bozeman · ★4.58 · 4 bedrooms · 4 beds · 2.5 baths,158595657,Mountain Home,,Bozeman,45.677101,-111.042,Entire home/apt,480,1,33,10/2/2023,1.68,25,58,17,
54130937,Rental unit in Bozeman · ★4.59 · 1 bedroom · 1 bed · 1 shared bath,438835491,Marylin,,Bozeman,45.68455,-111.07788,Private room,100,1,17,7/6/2022,0.82,1,0,0,
54241392,Home in Bozeman · ★4.85 · 1 bedroom · 1 bed · 1 private bath,162342143,Evelyn,,Bozeman,45.67445,-111.08531,Private room,86,1,73,10/2/2023,3.63,1,27,29,
54307070,Condo in Bozeman · ★4.63 · 3 bedrooms · 3 beds · 2 baths,434235941,Tuyet Ngan Thi,,Bozeman,45.67542,-111.06216,Entire home/apt,139,30,19,10/2/2022,0.94,3,3,0,
5.17216E+17,Condo in Bozeman · 2 bedrooms · 2 beds · 2 baths,282205909,JJ & Heather,,Bozeman,45.7015,-111.07297,Entire home/apt,150,30,2,1/14/2023,0.16,2,310,2,
5.3786E+17,Condo in Bozeman · ★4.92 · 3 bedrooms · 2 beds · 2.5 baths,97952734,Brandy,,Bozeman,45.70885,-111.08043,Entire home/apt,187,2,62,10/1/2023,3.01,1,196,33,
5.39134E+17,Home in Bozeman · ★5.0 · 1 bedroom · 1 bed · 1 bath,74119738,Jane,,Bozeman,45.68754959,-111.056282,Entire home/apt,294,2,19,10/4/2023,1.38,1,47,18,
5.46426E+17,Townhouse in Bozeman · ★5.0 · 3 bedrooms · 3 beds · 2 baths,441798626,Renee,,Bozeman,45.67716,-111.05729,Entire home/apt,375,3,23,9/25/2023,1.2,2,312,12,
5.48783E+17,Guesthouse in Bozeman · ★4.98 · 1 bedroom · 1 bed · 1 bath,370721732,Rebecca,,Bozeman,45.67235,-111.0466,Entire home/apt,273,1,159,10/4/2023,7.72,2,60,89,
5.52885E+17,Condo in Bozeman · ★4.89 · 2 bedrooms · 2 beds · 1 bath,87300632,Liz,,Bozeman,45.68844,-111.04488,Entire home/apt,202,2,38,9/25/2023,1.94,8,353,25,
5.53434E+17,Vacation home in Bozeman · ★5.0 · 2 bedrooms · 2 beds · 2.5 baths,9851660,Tanya,,Bozeman,45.670395,-111.007668,Entire home/apt,525,2,5,8/11/2023,1,2,358,5,
5.53666E+17,Home in Bozeman · ★5.0 · 3 bedrooms · 2 beds · 2.5 baths,7704883,Christyn,,Bozeman,45.67017,-111.0084,Entire home/apt,406,2,16,9/17/2023,0.83,1,139,10,
5.54209E+17,Home in Bozeman · ★5.0 · 3 bedrooms · 3 beds · 2.5 baths,19523133,Pele,,Bozeman,45.66952,-111.00864,Entire home/apt,348,2,34,10/1/2023,1.73,2,272,21,
5.54495E+17,Townhouse in Bozeman · ★5.0 · 3 bedrooms · 3 beds · 3 baths,283815228,Michael,,Bozeman,45.68722,-111.08746,Entire home/apt,150,30,10,9/10/2023,0.55,1,199,7,
5.57818E+17,Home in Bozeman · 3 bedrooms · 3 beds · 2 baths,149465780,Cathleen,,Bozeman,45.67585,-111.03754,Entire home/apt,650,30,0,,,1,365,0,
5.59527E+17,Condo in Bozeman · ★5.0 · 3 bedrooms · 4 beds · 2.5 baths,78849013,Stay Montana,,Bozeman,45.64789,-111.06953,Entire home/apt,110,30,3,4/30/2023,0.19,12,361,2,
5.61718E+17,Home in Bozeman · ★5.0 · 2 bedrooms · 2 beds · 2.5 baths,215007281,Jack,,Bozeman,45.66922,-111.00741,Entire home/apt,229,2,4,6/23/2023,0.44,1,238,4,
5.65096E+17,Home in Bozeman · ★4.77 · 3 bedrooms · 3 beds · 2 baths,324938857,Laura,,Bozeman,45.67472,-111.11597,Entire home/apt,332,2,13,7/31/2023,0.79,1,131,7,
5.6598E+17,Home in Bozeman · ★4.70 · 4 bedrooms · 5 beds · 2.5 baths,9247074,Heather,,Bozeman,45.69,-111.07573,Entire home/apt,175,5,20,9/18/2023,1.61,1,71,18,
5.66508E+17,Townhouse in Bozeman · ★5.0 · 3 bedrooms · 2 beds · 2.5 baths,87144196,Juli,,Bozeman,45.69038,-111.112,Entire home/apt,145,21,5,9/16/2023,0.32,1,317,3,
5.67679E+17,Rental unit in Bozeman · ★4.80 · 2 bedrooms · 4 beds · 1 bath,25065063,Kura,,Bozeman,45.68379,-111.03785,Entire home/apt,241,1,35,8/3/2023,4.09,1,1,35,
5.70188E+17,Rental unit in Bozeman · ★4.98 · 2 bedrooms · 3 beds · 1 bath,85914608,John,,Bozeman,45.68202,-111.04917,Entire home/apt,144,1,89,9/12/2023,6.43,2,68,72,
5.734E+17,Rental unit in Bozeman · ★4.97 · 2 bedrooms · 2 beds · 1 bath,127451313,Pamela,,Bozeman,45.673515,-111.03756,Entire home/apt,294,1,71,10/3/2023,3.76,2,338,42,
5.77636E+17,Condo in Bozeman · ★4.95 · 1 bedroom · 3 beds · 1 bath,102597941,Tom,,Bozeman,45.67809,-111.04699,Entire home/apt,221,3,61,9/18/2023,3.68,1,13,34,
5.8039E+17,Condo in Bozeman · ★4.90 · 3 bedrooms · 3 beds · 2 baths,434235941,Tuyet Ngan Thi,,Bozeman,45.67516,-111.06284,Entire home/apt,186,1,31,9/21/2023,1.65,3,317,15,
5.82076E+17,Townhouse in Bozeman · ★5.0 · 3 bedrooms · 4 beds · 2.5 baths,59950618,Kellen,,Bozeman,45.69057,-111.10839,Entire home/apt,178,2,39,9/17/2023,2.08,1,90,22,
5.84103E+17,Condo in Bozeman · ★4.82 · 3 bedrooms · 4 beds · 2.5 baths,146002701,Lyndsey,,Bozeman,45.6917,-111.10825,Entire home/apt,350,2,22,8/20/2023,1.29,1,312,13,
5.88475E+17,Home in Bozeman · ★5.0 · 4 bedrooms · 4 beds · 2 baths,91589612,Joanna,,Bozeman,45.67448,-111.04925,Entire home/apt,500,3,35,9/25/2023,2.17,1,332,24,
5.88557E+17,Home in Bozeman · ★4.88 · 2 bedrooms · 3 beds · 1 bath,143611149,Teri,,Bozeman,45.6828,-111.02837,Entire home/apt,266,2,32,9/16/2023,3.11,1,327,32,
5.90007E+17,Condo in Bozeman · ★4.97 · 1 bedroom · 3 beds · 1 bath,3083856,Carrie,,Bozeman,45.67784,-111.04811,Entire home/apt,210,2,60,10/1/2023,3.3,2,68,30,
6.01375E+17,Home in Bozeman · ★5.0 · 3 bedrooms · 3 beds · 2.5 baths,7003839,Taylor,,Bozeman,45.68696,-111.09331,Entire home/apt,326,3,33,9/17/2023,1.93,1,348,17,
6.0153E+17,Townhouse in Bozeman · 2 bedrooms · 2 beds · 2.5 baths,89581672,Mackenzie,,Bozeman,45.68253,-111.07834,Entire home/apt,200,30,1,9/7/2022,0.08,1,340,0,
6.01717E+17,Guest suite in Bozeman · ★4.82 · 1 bedroom · 2 beds · 1 bath,430868,Victoria,,Bozeman,45.6628,-111.02052,Entire home/apt,138,2,11,9/17/2023,0.8,1,33,8,
6.04774E+17,Home in Bozeman · ★5.0 · 3 bedrooms · 3 beds · 2 baths,7485966,Ilona,,Bozeman,45.67825,-111.07573,Entire home/apt,163,30,4,7/8/2023,0.26,2,199,2,
6.06641E+17,Home in Bozeman · ★4.97 · 3 bedrooms · 3 beds · 2 baths,30062388,Cary,,Bozeman,45.68107,-111.03519,Entire home/apt,367,3,35,9/30/2023,2.38,1,313,28,
6.07293E+17,Townhouse in Bozeman · ★4.93 · 1 bedroom · 1 bed · 1.5 shared baths,69417001,Louisa,,Bozeman,45.67741,-111.05991,Private room,84,28,14,7/30/2023,0.84,4,107,8,
6.07365E+17,Townhouse in Bozeman · ★5.0 · 1 bedroom · 1 bed · 1.5 shared baths,69417001,Louisa,,Bozeman,45.67687,-111.06147,Private room,49,28,5,9/22/2023,0.31,4,241,2,
6.09295E+17,Condo in Bozeman · ★5.0 · 2 bedrooms · 2 beds · 1 bath,425903673,Patricia,,Bozeman,45.67801754,-111.0468779,Entire home/apt,168,2,54,10/3/2023,3.53,1,343,40,
6.09344E+17,Rental unit in Bozeman · ★4.94 · 2 bedrooms · 2 beds · 2 baths,118040416,Valérie,,Bozeman,45.69696,-111.0954,Entire home/apt,130,2,67,9/29/2023,3.93,2,7,46,
6.10334E+17,Rental unit in Bozeman · ★4.86 · 2 bedrooms · 2 beds · 2 baths,118040416,Valérie,,Bozeman,45.69624,-111.09723,Entire home/apt,146,2,65,9/29/2023,3.71,2,5,34,
6.11641E+17,Home in Bozeman · 3 bedrooms · 3 beds · 3 baths,8224408,Paul,,Bozeman,45.68299,-111.03378,Entire home/apt,199,30,1,11/5/2022,0.09,22,348,1,
6.12894E+17,Rental unit in Bozeman · ★4.96 · 2 bedrooms · 3 beds · 2 baths,441896318,Payton,,Bozeman,45.65089,-111.06771,Entire home/apt,151,28,70,9/9/2023,4.03,11,359,44,
6.18335E+17,Guesthouse in Bozeman · ★4.98 · 1 bedroom · 2 beds · 1 bath,49756188,Marissa,,Bozeman,45.64664,-111.06569,Entire home/apt,161,2,58,9/30/2023,3.84,1,204,38,
6.19527E+17,Townhouse in Bozeman · ★5.0 · 3 bedrooms · 3 beds · 2 baths,180300091,Michelle,,Bozeman,45.68104,-111.09617,Entire home/apt,299,3,5,8/20/2023,0.3,1,0,3,
6.19604E+17,Townhouse in Bozeman · ★4.96 · 3 bedrooms · 3 beds · 2.5 baths,110562093,Kelsey,,Bozeman,45.69207,-111.112221,Entire home/apt,301,2,26,9/22/2023,1.61,1,246,15,
6.20358E+17,Condo in Bozeman · ★4.79 · 2 bedrooms · 2 beds · 1 bath,40742998,Katie,,Bozeman,45.68145,-111.04979,Entire home/apt,173,2,47,9/25/2023,2.9,1,132,22,
6.20806E+17,Townhouse in Bozeman · ★4.90 · 2 bedrooms · 3 beds · 1.5 baths,322166386,Han,,Bozeman,45.682636,-111.058601,Entire home/apt,109,2,58,9/30/2023,4.6,1,225,55,
6.24831E+17,Home in Bozeman · 3 bedrooms · 3 beds · 2.5 baths,282205909,JJ & Heather,,Bozeman,45.70422,-111.07343,Entire home/apt,159,30,0,,,2,272,0,
6.25488E+17,Condo in Bozeman · ★4.69 · 1 bedroom · 3 beds · 1 bath,78849013,Stay Montana,,Bozeman,45.69834,-111.0439,Entire home/apt,185,1,13,7/7/2023,0.79,12,354,4,
6.25946E+17,Townhouse in Bozeman · ★5.0 · 3 bedrooms · 3 beds · 3.5 baths,158595657,Mountain Home,,Bozeman,45.683735,-111.041245,Entire home/apt,800,1,5,8/21/2023,0.33,25,339,4,
6.26166E+17,Home in Bozeman · ★4.96 · 4 bedrooms · 6 beds · 3 baths,68861172,Erica,,Bozeman,45.68995,-111.05319,Entire home/apt,320,1,23,8/10/2023,1.51,1,77,18,
6.29235E+17,Rental unit in Bozeman · ★5.0 · 2 bedrooms · 2 beds · 1 bath,20214941,Alli,,Bozeman,45.66106,-111.0353,Entire home/apt,131,3,25,10/4/2023,1.57,1,68,12,
6.29672E+17,Guesthouse in Bozeman · ★5.0 · 1 bedroom · 2 beds · 1 bath,6542194,Jenny,,Bozeman,45.6813371,-111.0297002,Entire home/apt,192,2,59,9/18/2023,4.76,2,306,58,
6.31421E+17,Townhouse in Bozeman · 3 bedrooms · 3 beds · 2.5 baths,69417001,Louisa,,Bozeman,45.67767,-111.06021,Entire home/apt,410,28,2,2/2/2023,0.23,4,107,2,
6.31893E+17,Condo in Bozeman · ★4.80 · 2 bedrooms · 3 beds · 2 baths,460235948,Callahan,,Bozeman,45.651386,-111.068047,Entire home/apt,166,30,49,9/9/2023,2.99,1,350,27,
6.3536E+17,Guesthouse in Bozeman · ★4.96 · 1 bedroom · 2 beds · 1 bath,7732231,Tara,,Bozeman,45.68305,-111.10158,Entire home/apt,153,2,56,9/21/2023,3.85,1,346,39,
6.36007E+17,Guesthouse in Bozeman · ★4.97 · 1 bedroom · 1 bed · 1 bath,9859988,Tobi,,Bozeman,45.68936,-111.09333,Entire home/apt,133,2,90,10/3/2023,5.51,1,129,58,
6.37224E+17,Townhouse in Bozeman · 1 bedroom · 1 bed · 1.5 baths,69417001,Louisa,,Bozeman,45.67754,-111.0617,Private room,46,28,1,7/21/2023,0.37,4,140,1,
6.37639E+17,Condo in Bozeman · ★4.79 · 1 bedroom · 2 beds · 1.5 baths,112595503,Danielle,,Bozeman,45.68635,-111.10819,Entire home/apt,140,4,14,9/18/2023,0.86,1,169,9,
6.39046E+17,Townhouse in Bozeman · 2 bedrooms · 3 beds · 2.5 baths,432624625,Debra,,Bozeman,45.729839,-111.067642,Entire home/apt,125,30,1,8/6/2022,0.07,1,171,0,
6.40809E+17,Guest suite in Bozeman · ★5.0 · 1 bedroom · 1 bed · 1 bath,462304758,Leslie,,Bozeman,45.65155,-111.07762,Entire home/apt,265,1,29,8/15/2023,2,1,357,20,
6.41335E+17,Home in Bozeman · ★4.73 · 2 bedrooms · 3 beds · 1 bath,462293753,Yanfei,,Bozeman,45.67962,-111.04536,Entire home/apt,188,1,83,10/4/2023,5.13,2,341,55,
6.4357E+17,Home in Bozeman · ★4.68 · 5 bedrooms · 5 beds · 2 baths,462293753,Yanfei,,Bozeman,45.67799,-111.0444,Entire home/apt,313,1,76,10/5/2023,4.77,2,339,56,
6.45141E+17,Townhouse in Bozeman · ★4.97 · 3 bedrooms · 3 beds · 1 bath,243889371,Mallory,,Bozeman,45.67989,-111.07472,Entire home/apt,236,1,60,9/10/2023,3.85,1,353,32,
6.48162E+17,Condo in Bozeman · ★4.96 · 1 bedroom · 1 bed · 1 bath,219491,Elinor (Ellie),,Bozeman,45.67792,-111.0478,Entire home/apt,158,1,74,9/29/2023,4.76,3,320,53,
6.50129E+17,Townhouse in Bozeman · ★4.98 · 4 bedrooms · 4 beds · 2.5 baths,464467613,Tatanka,,Bozeman,45.70271,-111.07377,Entire home/apt,341,1,51,9/20/2023,3.57,1,218,40,
6.50949E+17,Home in Bozeman · ★5.0 · 3 bedrooms · 4 beds · 2 baths,464649532,Christie,,Bozeman,45.6790578,-111.0445128,Entire home/apt,356,2,32,9/21/2023,2.11,1,321,23,
6.52171E+17,Townhouse in Bozeman · ★4.97 · 1 bedroom · 1 bed · 1 private bath,3536705,Lindsay,,Bozeman,45.6487211,-111.0689732,Private room,83,1,92,10/1/2023,6.09,3,80,77,
6.54937E+17,Rental unit in Bozeman · ★4.79 · 1 bedroom · 1 bed · 1 bath,158595657,Mountain Home,,Bozeman,45.6841,-111.041,Entire home/apt,245,1,14,9/11/2023,0.92,25,359,5,
6.55685E+17,Home in Bozeman · ★4.96 · 3 bedrooms · 5 beds · 2 baths,53720318,Jane,,Bozeman,45.68623,-111.03973,Entire home/apt,400,1,28,10/1/2023,2.16,1,338,24,
6.60192E+17,Home in Bozeman · 1 bedroom · 1 bed · 1 bath,122919762,Cyd,,Bozeman,45.67952,-111.04253,Entire home/apt,110,30,0,,,1,190,0,
6.63645E+17,Camper/RV in Bozeman · 1 bedroom · 1 bed · Half-bath,19442684,John,,Bozeman,45.67766,-111.08122,Entire home/apt,249,3,0,,,2,364,0,
6.65302E+17,Rental unit in Bozeman · ★4.79 · 2 bedrooms · 2 beds · 1 bath,37331595,Vacasa Montana,,Bozeman,45.68717,-111.04427,Entire home/apt,249,2,28,9/14/2023,1.98,6,365,20,
6.6552E+17,Home in Bozeman · ★4.89 · 3 bedrooms · 3 beds · 2.5 baths,37331595,Vacasa Montana,,Bozeman,45.66933,-111.00806,Entire home/apt,382,2,9,7/30/2023,0.6,6,365,5,
6.68372E+17,Townhouse in Bozeman · ★4.96 · 3 bedrooms · 5 beds · 3 baths,166104792,Caleb And Madison,,Bozeman,45.67715,-111.04078,Entire home/apt,339,3,26,10/2/2023,1.84,2,77,19,
6.6871E+17,Condo in Bozeman · ★4.92 · 2 bedrooms · 4 beds · 2 baths,441896318,Payton,,Bozeman,45.65097,-111.06925,Entire home/apt,160,28,50,9/17/2023,3.38,11,292,41,
6.7018E+17,Townhouse in Bozeman · ★4.78 · 3 bedrooms · 4 beds · 2.5 baths,446248807,Ty,,Bozeman,45.690875,-111.1059493,Entire home/apt,175,2,49,9/28/2023,3.41,1,330,39,
6.70437E+17,Home in Bozeman · ★5.0 · 2 bedrooms · 2 beds · 2 baths,120268430,Olga,,Bozeman,45.68321,-111.03567,Entire home/apt,409,2,17,9/29/2023,1.34,1,106,14,
6.70904E+17,Condo in Bozeman · ★4.84 · 1 bedroom · 2 beds · 1 bath,122381278,Evolve,,Bozeman,45.67809,-111.04699,Entire home/apt,142,2,19,7/23/2023,1.33,12,331,16,
6.71298E+17,Rental unit in Bozeman · ★4.86 · 2 bedrooms · 2 beds · 1 bath,7161309,Orlando,,Bozeman,45.68749,-111.03636,Entire home/apt,136,28,51,9/26/2023,3.46,3,84,42,
6.73834E+17,Condo in Bozeman · ★4.89 · 2 bedrooms · 3 beds · 2 baths,457457017,Kennedy,,Bozeman,45.65083,-111.06909,Entire home/apt,192,1,47,9/8/2023,3.26,1,301,31,
6.739E+17,Townhouse in Bozeman · ★4.98 · 3 bedrooms · 4 beds · 2.5 baths,126358377,Jordan And Morgan,,Bozeman,45.71141,-111.08247,Entire home/apt,158,1,43,9/5/2023,3.14,1,290,35,
6.74017E+17,Home in Bozeman · ★5.0 · 4 bedrooms · 5 beds · 3.5 baths,472419080,Cordelia,,Bozeman,45.6739571,-111.0484076,Entire home/apt,698,3,6,9/17/2023,0.44,1,112,4,
6.75169E+17,Home in Bozeman · ★4.79 · 1 bedroom · 1 bed · 1 bath,37331595,Vacasa Montana,,Bozeman,45.67995224,-111.0392403,Entire home/apt,177,2,24,9/19/2023,1.83,6,355,21,
6.81837E+17,Rental unit in Bozeman · ★5.0 · 2 bedrooms · 3 beds · 2 baths,158595657,Mountain Home,,Bozeman,45.685635,-111.0458,Entire home/apt,300,1,4,9/4/2023,0.34,25,313,4,
6.84086E+17,Townhouse in Bozeman · 3 bedrooms · 3 beds · 1 bath,13749505,Tina,,Bozeman,45.69428,-111.07925,Entire home/apt,105,30,1,3/4/2023,0.14,1,0,1,
6.84168E+17,Guesthouse in Bozeman · ★4.95 · 1 bedroom · 2 beds · 1 bath,388858579,Neil,,Bozeman,45.68455,-111.03824,Entire home/apt,163,2,43,10/2/2023,3.06,4,74,35,
6.92233E+17,Guest suite in Bozeman · ★4.98 · 2 bedrooms · 4 beds · 1 bath,474739122,Fiona,,Bozeman,45.64985,-111.04289,Entire home/apt,124,1,100,9/29/2023,7.21,1,60,89,
6.93457E+17,Condo in Bozeman · 2 bedrooms · 2 beds · 2 baths,474993366,Victoria,,Bozeman,45.6992724,-111.0687842,Entire home/apt,148,14,0,,,1,310,0,
6.94011E+17,Guest suite in Bozeman · ★4.94 · Studio · 1 bed · 1 bath,317251520,Katie,,Bozeman,45.68317,-111.04503,Entire home/apt,143,2,87,9/27/2023,6.41,5,64,75,
6.99514E+17,Guesthouse in Bozeman · ★4.88 · 1 bedroom · 1 bed · 1 bath,418955198,Ty,,Bozeman,45.68565,-111.04007,Entire home/apt,98,1,51,9/30/2023,3.8,1,87,41,
7.02084E+17,Condo in Bozeman · ★4.75 · 1 bedroom · 2 beds · 1 bath,78849013,Stay Montana,,Bozeman,45.67697,-111.04782,Entire home/apt,183,1,8,8/16/2023,0.62,12,357,6,
7.05083E+17,Condo in Bozeman · ★4.91 · 2 bedrooms · 3 beds · 2 baths,87300632,Liz,,Bozeman,45.68687,-111.04434,Entire home/apt,235,3,22,8/14/2023,1.88,8,323,22,
7.07134E+17,Condo in Bozeman · ★4.79 · 2 bedrooms · 3 beds · 1.5 baths,5393899,Jenny,,Bozeman,45.67305,-111.03689,Entire home/apt,185,3,28,8/10/2023,2.13,1,191,25,
7.08571E+17,Townhouse in Bozeman · ★4.80 · 2 bedrooms · 2 beds · 1.5 baths,478100437,Rhonda,,Bozeman,45.71332,-111.07387,Entire home/apt,223,2,10,8/21/2023,0.81,1,2,9,
7.09456E+17,Home in Bozeman · ★5.0 · 1 bedroom · 1 bed · 1 private bath,387917242,Jonathan,,Bozeman,45.675,-111.04076,Private room,161,1,35,9/24/2023,3.33,1,130,35,
7.10864E+17,Condo in Bozeman · ★4.95 · 3 bedrooms · 3 beds · 2 baths,22366054,Tessa,,Bozeman,45.70208,-111.09074,Entire home/apt,290,2,37,9/24/2023,2.89,6,0,34,
7.14279E+17,Home in Bozeman · ★4.99 · 4 bedrooms · 4 beds · 2.5 baths,70317754,Mark And Jessica,,Bozeman,45.69033,-111.05359,Entire home/apt,242,2,67,9/28/2023,5.61,1,190,67,
7.14585E+17,Home in Bozeman · ★5.0 · 1 bedroom · 1 bed · 1.5 baths,50844446,Jaymie,,Bozeman,45.7080405,-111.0725818,Private room,65,28,3,6/30/2023,0.41,2,155,3,
7.18782E+17,Rental unit in Bozeman · ★4.91 · 1 bedroom · 1 bed · 1 bath,237078650,Lindsay,,Bozeman,45.6776447,-111.0456932,Entire home/apt,122,3,32,6/1/2023,3.32,1,43,32,
7.19644E+17,Condo in Bozeman · ★5.0 · 2 bedrooms · 2 beds · 1 bath,187536670,Charity,,Bozeman,45.678093,-111.0469886,Entire home/apt,176,2,35,10/2/2023,3.1,1,0,35,
7.21776E+17,Home in Bozeman · ★5.0 · 2 bedrooms · 2 beds · 1 bath,105847111,Robert,,Bozeman,45.70427,-111.09384,Entire home/apt,180,2,21,10/1/2023,1.69,1,31,20,
7.21909E+17,Home in Bozeman · ★4.67 · 4 bedrooms · 5 beds · 2 baths,9851660,Tanya,,Bozeman,45.68781725,-111.0326826,Entire home/apt,425,3,3,8/23/2023,0.52,2,343,3,
7.24712E+17,Condo in Bozeman · ★4.95 · 1 bedroom · 2 beds · 1 bath,87338185,Carrie,,Bozeman,45.67707,-111.04608,Entire home/apt,207,2,20,10/1/2023,2.01,2,249,20,
7.29177E+17,Guesthouse in Bozeman · ★4.86 · 1 bedroom · 1 bed · 1 private bath,159312,Ryan,,Bozeman,45.68753,-111.02909,Private room,186,2,21,9/30/2023,1.83,4,86,21,
7.31158E+17,Guesthouse in Bozeman · 3 bedrooms · 3 beds · 3 baths,159312,Ryan,,Bozeman,45.68773758,-111.0290283,Private room,666,5,0,,,4,79,0,
7.33432E+17,Home in Bozeman · ★4.91 · 3 bedrooms · 4 beds · 1.5 baths,432049398,Holly,,Bozeman,45.68041,-111.03832,Entire home/apt,212,2,46,10/1/2023,3.84,1,295,46,
7.33544E+17,Home in Bozeman · ★5.0 · 2 bedrooms · 2 beds · 2.5 baths,54268767,Melissa,,Bozeman,45.66926,-111.00779,Entire home/apt,264,3,6,9/18/2023,0.64,1,154,6,
7.35399E+17,Home in Bozeman · ★4.81 · 3 bedrooms · 3 beds · 1 bath,158595657,Mountain Home,,Bozeman,45.68217,-111.041985,Entire home/apt,229,1,16,9/19/2023,1.52,25,197,16,
7.36333E+17,Guest suite in Bozeman · ★5.0 · 1 bedroom · 2 beds · 1 bath,82935309,Kelly,,Bozeman,45.68199,-111.03624,Entire home/apt,250,3,12,9/23/2023,1.04,1,65,12,
7.3723E+17,Home in Bozeman · 4 bedrooms · 4 beds · 2.5 baths,122381278,Evolve,,Bozeman,45.7019,-111.09343,Entire home/apt,111,30,0,,,12,341,0,
7.38975E+17,Home in Bozeman · 7 bedrooms · 9 beds · 4.5 baths,304628102,Lisa,,Bozeman,45.64691,-111.06623,Entire home/apt,2100,3,1,7/30/2023,0.42,4,311,1,
7.40808E+17,Guesthouse in Bozeman · ★4.78 · 1 bedroom · 1 bed · 1 bath,92164178,Daryl,,Bozeman,45.68283,-111.10215,Entire home/apt,205,2,9,8/7/2023,0.9,1,280,9,
7.43731E+17,Home in Bozeman · 5 bedrooms · 8 beds · 3.5 baths,192384472,Rory,,Bozeman,45.6481763,-111.042898,Entire home/apt,190,90,0,,,1,229,0,
7.44109E+17,Townhouse in Bozeman · ★4.86 · 2 bedrooms · 2 beds · 2 baths,34644364,Jean,,Bozeman,45.69155,-111.07119,Entire home/apt,100,30,7,3/26/2023,0.79,1,249,7,
7.44478E+17,Home in Bozeman · ★4.98 · 3 bedrooms · 3 beds · 2 baths,87807117,Brandon,,Bozeman,45.65508199,-111.045586,Entire home/apt,264,2,65,10/2/2023,5.8,1,122,65,
7.44868E+17,Home in Bozeman · ★4.22 · 4 bedrooms · 4 beds · 2.5 baths,37331595,Vacasa Montana,,Bozeman,45.69661,-111.07476,Entire home/apt,239,2,9,7/6/2023,0.81,6,365,9,
7.44881E+17,Home in Bozeman · 2 bedrooms · 2 beds · 3 baths,87300632,Liz,,Bozeman,45.67493,-111.04772,Entire home/apt,123,30,0,,,8,75,0,
7.44893E+17,Home in Bozeman · ★4.71 · 3 bedrooms · 4 beds · 2 baths,444342086,Rory,,Bozeman,45.68063,-111.0409,Entire home/apt,321,2,21,9/18/2023,1.87,2,207,21,
7.44981E+17,Home in Bozeman · ★4.96 · 3 bedrooms · 3 beds · 2 baths,68940904,Arrival Co,,Bozeman,45.6762697,-111.0775055,Entire home/apt,186,2,24,9/21/2023,2.51,3,190,24,
7.46272E+17,Rental unit in Bozeman · ★4.70 · 3 bedrooms · 4 beds · 1 bath,444342086,Rory,,Bozeman,45.6813,-111.03761,Entire home/apt,315,2,10,9/23/2023,0.93,2,255,10,
7.46288E+17,Guesthouse in Bozeman · ★4.85 · 1 bedroom · 2 beds · 1 bath,154200211,Alli,,Bozeman,45.66868,-111.1058,Entire home/apt,152,3,20,9/25/2023,1.83,1,337,20,
7.47853E+17,Home in Bozeman · 4 bedrooms · 4 beds · 3 baths,388858579,Neil,,Bozeman,45.67689,-111.04926,Entire home/apt,200,30,1,12/30/2022,0.11,4,138,1,
7.49919E+17,Condo in Bozeman · ★4.79 · 3 bedrooms · 6 beds · 2 baths,66791481,Lauren,,Bozeman,45.70175,-111.08971,Entire home/apt,299,2,14,9/11/2023,1.41,1,330,14,
7.50674E+17,Home in Bozeman · ★3.44 · 3 bedrooms · 3 beds · 1 bath,37331595,Vacasa Montana,,Bozeman,45.69251,-111.0774,Entire home/apt,182,2,9,7/11/2023,0.81,6,365,9,
7.50943E+17,Home in Bozeman · 3 bedrooms · 3 beds · 2.5 baths,403281935,Julie,,Bozeman,45.69078433,-111.1107277,Entire home/apt,200,28,0,,,1,239,0,
7.5151E+17,Guesthouse in Bozeman · ★5.0 · 1 bedroom · 1 bed · 1 bath,89160947,Sandra,,Bozeman,45.6808,-111.10076,Entire home/apt,102,1,40,10/1/2023,4.9,1,316,40,
7.5285E+17,Condo in Bozeman · ★4.93 · 3 bedrooms · 4 beds · 1 bath,257892190,Julia,,Bozeman,45.66109,-111.03294,Entire home/apt,188,1,41,10/1/2023,3.81,1,7,41,
7.53639E+17,Home in Bozeman · ★5.0 · 2 bedrooms · 2 beds · 2 baths,2209026,Kristen,,Bozeman,45.68315,-111.0256,Entire home/apt,231,3,26,10/1/2023,2.77,2,347,26,
7.56562E+17,Guesthouse in Bozeman · ★5.0 · 1 bedroom · 1 bed · 1 bath,247540892,Shaun,,Bozeman,45.68097,-111.10376,Entire home/apt,139,2,20,10/2/2023,2.96,3,340,20,
7.60722E+17,Home in Bozeman · 2 bedrooms · 2 beds · 1 bath,81733702,Erin,,Bozeman,45.65812,-111.02008,Entire home/apt,146,29,0,,,1,359,0,
7.61901E+17,Guesthouse in Bozeman · ★5.0 · 1 bedroom · 1 bed · 1 private bath,159312,Ryan,,Bozeman,45.68817,-111.02836,Private room,189,2,15,9/24/2023,1.39,4,85,15,
7.61947E+17,Guesthouse in Bozeman · ★5.0 · 1 bedroom · 1 bed · 1 private bath,159312,Ryan,,Bozeman,45.68703,-111.02994,Private room,232,2,3,8/21/2023,0.29,4,69,3,
7.6982E+17,Rental unit in Bozeman · 2 bedrooms · 2 beds · 2 baths,3536705,Lindsay,,Bozeman,45.6487749,-111.0689753,Entire home/apt,250,3,1,12/28/2022,0.11,3,4,1,
7.7604E+17,Home in Bozeman · ★4.80 · 4 bedrooms · 4 beds · 2.5 baths,420998219,Pat,,Bozeman,45.68654,-111.11726,Entire home/apt,209,3,10,7/29/2023,2.03,1,0,10,
7.77089E+17,Home in Bozeman · ★5.0 · 3 bedrooms · 4 beds · 2 baths,15495078,Josh,,Bozeman,45.6741525,-111.0305273,Entire home/apt,388,3,13,7/29/2023,1.46,1,272,13,
7.7919E+17,Rental unit in Bozeman · ★4.95 · 2 bedrooms · 3 beds · 2 baths,441896318,Payton,,Bozeman,45.66111,-111.06632,Entire home/apt,184,1,20,9/28/2023,2.02,11,353,20,
7.79228E+17,Rental unit in Bozeman · ★4.88 · 2 bedrooms · 4 beds · 2 baths,441896318,Payton,,Bozeman,45.66143,-111.06775,Entire home/apt,180,1,24,9/4/2023,2.8,11,347,24,
7.79228E+17,Rental unit in Bozeman · ★4.97 · 2 bedrooms · 2 beds · 2 baths,441896318,Payton,,Bozeman,45.66099,-111.06775,Entire home/apt,177,1,32,10/1/2023,3.28,11,345,32,
7.79243E+17,Condo in Bozeman · ★4.98 · 2 bedrooms · 4 beds · 2 baths,441896318,Payton,,Bozeman,45.66202,-111.06616,Entire home/apt,194,1,40,10/1/2023,4.08,11,330,40,
7.80455E+17,Rental unit in Bozeman · ★4.86 · 1 bedroom · 3 beds · 1 bath,9476037,Craig,,Bozeman,45.7006,-111.0868,Entire home/apt,179,3,7,8/6/2023,0.81,1,332,7,
7.81269E+17,Rental unit in Bozeman · ★5.0 · 2 bedrooms · 2 beds · 2 baths,108598734,Jean,,Bozeman,45.663605,-111.0602481,Entire home/apt,225,4,3,6/24/2023,0.39,1,94,3,
7.81336E+17,Home in Bozeman · ★5.0 · 3 bedrooms · 4 beds · 2.5 baths,326083751,Alison,,Bozeman,45.68787,-111.07463,Entire home/apt,295,4,21,9/8/2023,2.3,1,227,21,
7.87857E+17,Home in Bozeman · ★4.97 · 1 bedroom · 1 bed · 1 private bath,54143486,Louise,,Bozeman,45.69054,-111.11556,Private room,79,1,32,9/19/2023,4.4,1,279,32,
7.91969E+17,Home in Bozeman · ★4.97 · 3 bedrooms · 5 beds · 2.5 baths,456500579,McCade,,Bozeman,45.6784,-111.07892,Entire home/apt,223,1,29,10/2/2023,3.64,3,315,29,
7.91975E+17,Home in Bozeman · ★5.0 · 3 bedrooms · 5 beds · 2.5 baths,456500579,McCade,,Bozeman,45.67707,-111.07812,Entire home/apt,234,1,20,9/25/2023,2.41,3,301,20,
7.92658E+17,Home in Bozeman · ★5.0 · 6 bedrooms · 10 beds · 6 baths,456500579,McCade,,Bozeman,45.67871,-111.07805,Entire home/apt,676,1,8,8/21/2023,1.13,3,298,8,
7.97809E+17,Home in Bozeman · 4 bedrooms · 5 beds · 2.5 baths,78849013,Stay Montana,,Bozeman,45.67718,-111.08361,Entire home/apt,265,1,2,6/9/2023,0.46,12,328,2,
8.02992E+17,Home in Bozeman · 3 bedrooms · 3 beds · 2 baths,7485966,Ilona,,Bozeman,45.67867,-111.07575,Private room,95,30,1,3/31/2023,0.16,2,179,1,
8.06478E+17,Home in Bozeman · ★5.0 · 3 bedrooms · 8 beds · 3 baths,49100757,Mary,,Bozeman,45.67391483,-111.0341425,Entire home/apt,500,3,5,7/7/2023,1.19,1,1,5,
8.06614E+17,Home in Bozeman · 3 bedrooms · 4 beds · 3 baths,831796,Krissy,,Bozeman,45.70382,-111.00275,Entire home/apt,250,50,0,,,1,279,0,
8.10106E+17,Home in Bozeman · ★5.0 · 3 bedrooms · 3 beds · 2.5 baths,497406107,Jessi,,Bozeman,45.64859,-111.06908,Entire home/apt,216,2,4,9/18/2023,0.75,1,69,4,
8.10234E+17,Rental unit in Bozeman · ★5.0 · 2 bedrooms · 2 beds · 2 baths,87300632,Liz,,Bozeman,45.66336,-111.06136,Entire home/apt,116,28,3,6/29/2023,0.78,8,296,3,
8.10813E+17,Townhouse in Bozeman · ★4.91 · 3 bedrooms · 5 beds · 2.5 baths,122381278,Evolve,,Bozeman,45.68641,-111.0562,Entire home/apt,198,2,11,9/6/2023,1.53,12,334,11,
8.12243E+17,Home in Bozeman · 3 bedrooms · 3 beds · 2.5 baths,10719166,Ted And Ann Marie,,Bozeman,45.689014,-111.108096,Entire home/apt,221,30,0,,,4,300,0,
8.12294E+17,Rental unit in Bozeman · ★5.0 · 1 bedroom · 2 beds · 1 bath,10719166,Ted And Ann Marie,,Bozeman,45.678108,-111.047012,Entire home/apt,208,2,10,10/1/2023,2.4,4,331,10,
8.28373E+17,Home in Bozeman · ★4.81 · 2 bedrooms · 4 beds · 1 bath,406871,Erin,,Bozeman,45.67780488,-111.0476148,Entire home/apt,238,2,27,9/28/2023,3.6,3,339,27,
8.3618E+17,Home in Bozeman · 3 bedrooms · 3 beds · 2.5 baths,387840480,Nick,,Bozeman,45.6590918,-111.0167162,Entire home/apt,161,30,2,5/15/2023,0.34,1,318,2,
8.36266E+17,Guesthouse in Bozeman · ★4.52 · 1 bedroom · 2 beds · 1 bath,492391213,Jeremy,,Bozeman,45.67639,-111.03467,Entire home/apt,124,1,23,9/23/2023,3.18,2,348,23,
8.36413E+17,Rental unit in Bozeman · ★4.75 · 2 bedrooms · 2 beds · 2 baths,441798626,Renee,,Bozeman,45.6779863,-111.05773,Entire home/apt,275,3,4,8/27/2023,0.97,2,340,4,
8.41345E+17,Condo in Bozeman · 2 bedrooms · 2 beds · 1 bath,104010331,Dream MT,,Bozeman,45.687753,-111.044628,Entire home/apt,275,3,2,4/3/2023,0.28,10,357,2,
8.4149E+17,Home in Bozeman · ★4.63 · 2 bedrooms · 2 beds · 1 bath,388858579,Neil,,Bozeman,45.6811,-111.04155,Entire home/apt,186,2,19,9/30/2023,2.69,4,67,19,
8.43683E+17,Condo in Bozeman · ★4.93 · 2 bedrooms · 3 beds · 2 baths,441896318,Payton,,Bozeman,45.67528,-111.11319,Entire home/apt,172,1,27,10/3/2023,3.95,11,336,27,
8.43742E+17,Condo in Bozeman · ★5.0 · 2 bedrooms · 3 beds · 2 baths,441896318,Payton,,Bozeman,45.67502,-111.11232,Entire home/apt,172,1,36,9/30/2023,5.27,11,326,36,
8.43767E+17,Condo in Bozeman · ★4.96 · 2 bedrooms · 3 beds · 2 baths,441896318,Payton,,Bozeman,45.6732,-111.11339,Entire home/apt,168,1,28,10/1/2023,4.12,11,321,28,
8.43789E+17,Condo in Bozeman · ★4.94 · 2 bedrooms · 3 beds · 2 baths,441896318,Payton,,Bozeman,45.67333,-111.11243,Entire home/apt,166,1,32,10/1/2023,4.82,11,347,32,
8.4883E+17,Home in Bozeman · 5 bedrooms · 5 beds · 3.5 baths,127451313,Pamela,,Bozeman,45.67247,-111.03668,Entire home/apt,825,5,0,,,2,136,0,
8.49345E+17,Home in Bozeman · ★5.0 · 2 bedrooms · 2 beds · 2.5 baths,4461657,Susie,,Bozeman,45.67742,-111.05745,Entire home/apt,143,30,7,9/9/2023,1.24,1,0,7,
8.50061E+17,Home in Bozeman · 2 bedrooms · 2 beds · 1.5 baths,505986694,Kristin,,Bozeman,45.6841905,-111.0253778,Entire home/apt,140,30,1,5/22/2023,0.21,1,236,1,
8.54256E+17,Condo in Bozeman · 1 bedroom · 3 beds · 1 shared bath,506863680,Scrubs,,Bozeman,45.6487153,-111.0413427,Private room,62,28,0,,,3,179,0,
8.55046E+17,Home in Bozeman · ★4.78 · 3 bedrooms · 4 beds · 2.5 baths,507016369,Kerry,,Bozeman,45.66002,-111.03318,Entire home/apt,286,3,9,9/17/2023,1.84,1,211,9,
8.58032E+17,Home in Bozeman · 2 bedrooms · 3 beds · 2 baths,37331595,Vacasa Montana,,Bozeman,45.68097,-111.04836,Entire home/apt,302,3,2,6/21/2023,0.5,6,365,2,
8.61574E+17,Home in Bozeman · 3 bedrooms · 4 beds · 2 baths,104010331,Dream MT,,Bozeman,45.683499,-111.05717,Entire home/apt,193,3,1,9/18/2023,1,10,352,1,
8.61755E+17,Rental unit in Bozeman · 1 bedroom · 1 bed · 1 bath,4253627,Evelyn,,Bozeman,45.67768,-111.04217,Entire home/apt,177,2,2,8/30/2023,0.38,1,0,2,
8.66744E+17,Condo in Bozeman · ★5.0 · 2 bedrooms · 2 beds · 1 bath,87300632,Liz,,Bozeman,45.68724,-111.04437,Entire home/apt,199,2,16,10/3/2023,2.96,8,352,16,
8.66801E+17,Rental unit in Bozeman · ★5.0 · 1 bedroom · 1 bed · 1 bath,85914608,John,,Bozeman,45.68138,-111.04914,Entire home/apt,149,1,27,9/22/2023,6.38,2,65,27,
8.68765E+17,Home in Bozeman · ★5.0 · 3 bedrooms · 3 beds · 4 baths,22366054,Tessa,,Bozeman,45.7066366,-111.0388507,Entire home/apt,380,2,7,10/1/2023,1.42,6,109,7,
8.696E+17,Rental unit in Bozeman · ★5.0 · 1 bedroom · 1 bed · 1 bath,219491,Elinor (Ellie),,Bozeman,45.67824923,-111.0469455,Entire home/apt,150,1,22,9/30/2023,4.46,3,271,22,
8.71253E+17,Rental unit in Bozeman · 1 bedroom · 1 bed · 1.5 baths,370426746,Kelsey,,Bozeman,45.70106,-111.07402,Entire home/apt,140,26,1,8/5/2023,0.46,1,194,1,
8.74123E+17,Rental unit in Bozeman · ★5.0 · 1 bedroom · 2 beds · 1 bath,18247242,Kevin,,Bozeman,45.64964,-111.07581,Entire home/apt,170,1,30,10/1/2023,5.88,1,200,30,
8.74658E+17,Home in Bozeman · ★5.0 · 3 bedrooms · 3 beds · 3 baths,10719166,Ted And Ann Marie,,Bozeman,45.6884,-111.10729,Entire home/apt,297,2,7,9/24/2023,1.38,4,354,7,
8.75522E+17,Home in Bozeman · 4 bedrooms · 6 beds · 3.5 baths,4884278,Kate,,Bozeman,45.6776,-111.04399,Entire home/apt,300,30,1,6/9/2023,0.25,1,112,1,
8.76772E+17,Home in Bozeman · ★5.0 · 2 bedrooms · 2 beds · 1 bath,4727963,Matthew,,Bozeman,45.68346,-111.02891,Entire home/apt,139,3,24,10/3/2023,6.43,1,158,24,
8.77002E+17,Home in Bozeman · ★5.0 · 3 bedrooms · 3 beds · 2 baths,386319797,Jessie,,Bozeman,45.69038,-111.0935,Entire home/apt,349,2,7,8/21/2023,1.41,1,351,7,
8.81902E+17,Rental unit in Bozeman · 2 bedrooms · 2 beds · 2.5 baths,10719166,Ted And Ann Marie,,Bozeman,45.650005,-111.0686823,Entire home/apt,149,28,0,,,4,328,0,
8.82048E+17,Home in Bozeman · 3 bedrooms · 2 beds · 2.5 baths,59953192,Ashley,,Bozeman,45.70483,-111.09,Entire home/apt,175,21,1,7/29/2023,0.42,1,159,1,
8.82861E+17,Guesthouse in Bozeman · ★5.0 · 1 bedroom · 1 bed · 1 bath,294131716,Marci,,Bozeman,45.67599,-111.0374,Entire home/apt,150,3,8,9/26/2023,2.14,1,289,8,
8.8339E+17,Home in Bozeman · ★5.0 · 3 bedrooms · 3 beds · 2.5 baths,478163656,Steve,,Bozeman,45.67683,-111.07824,Entire home/apt,174,3,6,7/24/2023,1.33,1,0,6,
8.84065E+17,Townhouse in Bozeman · 3 bedrooms · 3 beds · 3 baths,485556286,Barbara,,Bozeman,45.6475576,-111.0683446,Entire home/apt,143,28,0,,,1,361,0,
8.84107E+17,Guesthouse in Bozeman · ★5.0 · 2 bedrooms · 3 beds · 1 bath,42294252,Ted,,Bozeman,45.6840083,-111.1008377,Entire home/apt,150,3,23,9/17/2023,5.07,1,44,23,
8.86261E+17,Home in Bozeman · 3 bedrooms · 3 beds · 2.5 baths,392160899,Amy,,Bozeman,45.68308,-111.10237,Entire home/apt,325,3,1,8/4/2023,0.45,1,178,1,
8.86294E+17,Home in Bozeman · 4 bedrooms · 4 beds · 2.5 baths,147570980,Catherine,,Bozeman,45.67086,-111.04061,Entire home/apt,230,30,0,,,2,0,0,
8.87744E+17,Rental unit in Bozeman · 2 bedrooms · 3 beds · 2 baths,13164558,Nancy,,Bozeman,45.6827098,-111.0226566,Entire home/apt,225,14,0,,,1,359,0,
8.88674E+17,Rental unit in Bozeman · ★5.0 · 1 bedroom · 1 bed · 1 bath,87352080,Rebeccah,,Bozeman,45.68411,-111.08209,Entire home/apt,145,1,44,10/1/2023,9.23,1,74,44,
8.89021E+17,Rental unit in Bozeman · ★4.75 · 3 bedrooms · 4 beds · 2.5 baths,514256125,Kasey,,Bozeman,45.6861,-111.108107,Entire home/apt,175,3,4,8/21/2023,1.62,1,227,4,
8.9114E+17,Home in Bozeman · 4 bedrooms · 4 beds · 3 baths,5226191,Harris,,Bozeman,45.68169,-111.02565,Entire home/apt,367,3,0,,,1,0,0,
8.92145E+17,Rental unit in Bozeman · ★4.07 · 2 bedrooms · 2 beds · 1 bath,492391213,Jeremy,,Bozeman,45.67564,-111.0344,Entire home/apt,197,1,14,9/10/2023,3.21,2,357,14,
8.93606E+17,Townhouse in Bozeman · 2 bedrooms · 2 beds · 1 bath,492401315,Gather Vacations,,Bozeman,45.68648,-111.10844,Entire home/apt,143,1,1,8/21/2023,0.61,2,16,1,
8.94114E+17,Home in Bozeman · 3 bedrooms · 3 beds · 2 baths,134286069,Janie,,Bozeman,45.67508,-111.04504,Entire home/apt,127,31,1,7/28/2023,0.41,1,364,1,
8.94263E+17,Rental unit in Bozeman · ★5.0 · 2 bedrooms · 2 beds · 1 bath,510216735,Sharon,,Bozeman,45.67738,-111.0384,Entire home/apt,156,2,15,9/20/2023,3.54,1,295,15,
8.96385E+17,Home in Bozeman · ★5.0 · 3 bedrooms · 4 beds · 2 baths,161765884,Ben,,Bozeman,45.68947219,-111.0719965,Entire home/apt,250,2,6,9/18/2023,2.28,1,232,6,
8.96459E+17,Home in Bozeman · ★5.0 · 1 bedroom · 1 bed · 1 private bath,247540892,Shaun,,Bozeman,45.68036,-111.10201,Private room,77,2,5,9/11/2023,2.46,3,348,5,
8.97144E+17,Home in Bozeman · ★5.0 · 2 bedrooms · 2 beds · 2 baths,6931340,Indra,,Bozeman,45.68185,-111.03916,Entire home/apt,499,1,8,9/23/2023,2.4,1,293,8,
8.9781E+17,Guesthouse in Bozeman · ★5.0 · 1 bedroom · 1 bed · 1 bath,22366054,Tessa,,Bozeman,45.6798384,-111.1002558,Entire home/apt,88,2,4,8/31/2023,1.21,6,307,4,
8.99125E+17,Home in Bozeman · ★5.0 · 2 bedrooms · 3 beds · 2 baths,135567233,Lycurgus,,Bozeman,45.6877567,-111.0472078,Entire home/apt,195,1,30,10/1/2023,7.83,1,311,30,
9.00814E+17,Home in Bozeman · ★5.0 · 4 bedrooms · 8 beds · 2 baths,144447035,Ericka,,Bozeman,45.68748858,-111.0712738,Entire home/apt,312,2,3,7/18/2023,0.76,1,133,3,
9.01459E+17,Home in Bozeman · ★5.0 · 3 bedrooms · 5 beds · 1 bath,406871,Erin,,Bozeman,45.67832,-111.04884,Entire home/apt,218,2,5,8/12/2023,1.19,3,351,5,
9.01661E+17,Home in Bozeman · ★5.0 · 5 bedrooms · 2 beds · 2 baths,406871,Erin,,Bozeman,45.67747,-111.04729,Entire home/apt,550,1,4,9/17/2023,2.61,3,337,4,
9.02288E+17,Home in Bozeman · ★4.83 · 3 bedrooms · 4 beds · 2.5 baths,59049179,Elizabeth,,Bozeman,45.68672,-111.0566,Entire home/apt,319,28,12,9/24/2023,3.6,1,190,12,
9.02925E+17,Townhouse in Bozeman · ★5.0 · 2 bedrooms · 2 beds · 2 baths,231155123,Chad,,Bozeman,45.6901827,-111.1061077,Entire home/apt,251,3,5,9/17/2023,2.38,1,337,5,
9.02987E+17,Bungalow in Bozeman · ★5.0 · 1 bedroom · 1 bed · 1 bath,23312806,Kim,,Bozeman,45.68197,-111.02798,Entire home/apt,199,3,18,9/22/2023,4.35,1,58,18,
9.03549E+17,Home in Bozeman · ★5.0 · 2 bedrooms · 3 beds · 1 bath,94524858,Andy,,Bozeman,45.68017,-111.0419,Entire home/apt,295,3,5,10/1/2023,3.13,1,328,5,
9.07255E+17,Condo in Bozeman · 2 bedrooms · 3 beds · 2 baths,68940904,Arrival Co,,Bozeman,45.67875,-111.02295,Entire home/apt,206,3,1,9/18/2023,1,3,105,1,
9.07327E+17,Home in Bozeman · 1 bedroom · 1 bed · 1 bath,158595657,Mountain Home,,Bozeman,45.683056,-111.02824,Entire home/apt,192,1,1,9/15/2023,1,25,362,1,
9.11796E+17,Home in Bozeman · ★4.88 · 1 bedroom · 1 bed · 1 bath,296586159,Mikaela,,Bozeman,45.66567,-111.04033,Private room,60,1,16,9/22/2023,4.4,1,301,16,
9.119E+17,Home in Bozeman · ★New · 1 bedroom · 1 bed · 1 private bath,2655634,Charles,,Bozeman,45.68550756,-111.0820334,Private room,72,1,1,10/4/2023,1,1,80,1,
9.1748E+17,Home in Bozeman · ★5.0 · 5 bedrooms · 7 beds · 3.5 baths,158595657,Mountain Home,,Bozeman,45.683155,-111.03163,Entire home/apt,520,1,3,8/27/2023,1.17,25,311,3,
9.1748E+17,Rental unit in Bozeman · 1 bedroom · 2 beds · 1 bath,158595657,Mountain Home,,Bozeman,45.67983,-111.09982,Entire home/apt,130,1,2,7/25/2023,0.59,25,337,2,
9.17521E+17,Condo in Bozeman · 4 bedrooms · 4 beds · 4 baths,441896318,Payton,,Bozeman,45.67339,-111.11368,Entire home/apt,550,2,0,,,11,313,0,
9.19467E+17,Rental unit in Bozeman · 1 bedroom · 1 bed · 1 bath,3536705,Lindsay,,Bozeman,45.6484715,-111.0683303,Private room,150,1,0,,,3,66,0,
9.19817E+17,Home in Bozeman · ★4.93 · 2 bedrooms · 2 beds · 1 bath,143544410,Toni,,Bozeman,45.684136,-111.0383747,Entire home/apt,273,1,15,10/4/2023,4.46,2,348,15,
9.20346E+17,Boutique hotel in Bozeman · 2 bedrooms · 3 beds · 1 shared bath,521636962,Jacob,,Bozeman,45.68244345,-111.0453661,Private room,259,1,0,,,5,267,0,
9.21697E+17,Home in Bozeman · 1 bedroom · 1 bed · 1 bath,45378354,Kerie,,Bozeman,45.6793119,-111.037259,Entire home/apt,155,2,2,8/13/2023,0.95,1,13,2,
9.22555E+17,Boutique hotel in Bozeman · 1 bedroom · 2 beds · 1 shared bath,521636962,Jacob,,Bozeman,45.68263834,-111.0451515,Private room,229,1,1,7/4/2023,0.31,5,354,1,
9.22563E+17,Boutique hotel in Bozeman · 1 bedroom · 1 bed · 1 private bath,521636962,Jacob,,Bozeman,45.68263834,-111.0451086,Private room,217,1,2,8/16/2023,1,5,357,2,
9.22583E+17,Boutique hotel in Bozeman · 1 bedroom · 2 beds · 1 shared bath,521636962,Jacob,,Bozeman,45.68254839,-111.0452803,Private room,225,1,0,,,5,349,0,
9.23077E+17,Home in Bozeman · 3 bedrooms · 3 beds · 2 baths,21447984,Sharon,,Bozeman,45.6698914,-111.0442737,Entire home/apt,280,4,2,8/22/2023,1.15,2,70,2,
9.23291E+17,Guest suite in Bozeman · ★4.83 · 1 bedroom · 2 beds · 1 bath,143544410,Toni,,Bozeman,45.68384677,-111.0392539,Entire home/apt,142,1,6,9/25/2023,2.69,2,351,6,
9.23955E+17,Condo in Bozeman · 2 bedrooms · 2 beds · 2 baths,492401315,Gather Vacations,,Bozeman,45.68008135,-111.0225926,Entire home/apt,315,1,1,8/29/2023,0.73,2,11,1,
9.24888E+17,Rental unit in Bozeman · 2 bedrooms · 2 beds · 2 baths,168421505,Courtney,,Bozeman,45.67974766,-111.0319127,Entire home/apt,300,7,1,8/22/2023,0.63,1,200,1,
9.25636E+17,Condo in Bozeman · 1 bedroom · 3 beds · 1.5 shared baths,506863680,Scrubs,,Bozeman,45.64806761,-111.0420185,Private room,62,28,0,,,3,364,0,
9.33176E+17,Rental unit in Bozeman · ★5.0 · 2 bedrooms · 2 beds · 1 bath,5336872,Tobi,,Bozeman,45.67486293,-111.0534548,Entire home/apt,211,2,6,9/17/2023,2.43,1,142,6,
9.33644E+17,Rental unit in Bozeman · ★New · 3 bedrooms · 3 beds · 2 baths,117381828,Connor,,Bozeman,45.68822333,-111.117759,Entire home/apt,324,1,1,9/17/2023,1,1,267,1,
9.3365E+17,Rental unit in Bozeman · 1 bedroom · 1 bed · 1 bath,506863680,Scrubs,,Bozeman,45.64818049,-111.0403122,Private room,51,28,0,,,3,364,0,
9.40676E+17,Home in Bozeman · 3 bedrooms · 3 beds · 2 baths,158595657,Mountain Home,,Bozeman,45.67782,-111.04637,Entire home/apt,224,1,1,9/10/2023,1,25,325,1,
9.42246E+17,Home in Bozeman · ★4.86 · 4 bedrooms · 6 beds · 2 baths,94704094,Sheridan,,Bozeman,45.69060019,-111.1178683,Entire home/apt,216,1,7,10/6/2023,6.56,1,141,7,
9.44319E+17,Tent in Bozeman · 1 bedroom · 6 beds · Half-bath,14607863,Kelli,,Bozeman,45.66249276,-111.0354241,Entire home/apt,80,1,0,,,1,269,0,
9.45699E+17,Boutique hotel in Bozeman · 1 bedroom · 2 beds · 1 shared bath,521636962,Jacob,,Bozeman,45.68259336,-111.0451086,Private room,242,1,0,,,5,339,0,
9.47123E+17,Rental unit in Bozeman · ★5.0 · 1 bedroom · 1 bed · 1 bath,22366054,Tessa,,Bozeman,45.68314593,-111.1029859,Entire home/apt,141,2,3,10/1/2023,2.5,6,351,3,
9.50041E+17,Rental unit in Bozeman · ★New · 1 bedroom · 1 bed · 1 bath,8224408,Paul,,Bozeman,45.6758681,-111.0469018,Entire home/apt,94,30,0,,,22,335,0,
9.52913E+17,Rental unit in Bozeman · ★New · 1 bedroom · 1 bed · 1 bath,87300632,Liz,,Bozeman,45.67722793,-111.047338,Entire home/apt,153,2,0,,,8,248,0,
9.53908E+17,Home in Bozeman · ★New · 2 bedrooms · 3 beds · 2 baths,152080333,Tucker,,Bozeman,45.68352,-111.02004,Entire home/apt,217,2,0,,,1,12,0,
9.54262E+17,Home in Bozeman · ★5.0 · 3 bedrooms · 4 beds · 3 baths,8224408,Paul,,Bozeman,45.674947,-111.032174,Entire home/apt,399,3,3,10/3/2023,2.37,22,319,3,
9.5855E+17,Home in Bozeman · ★4.50 · 2 bedrooms · 1 bed · 1 bath,80104837,Arne,,Bozeman,45.67044046,-111.047321,Entire home/apt,189,2,4,10/1/2023,3.16,2,261,4,
9.60943E+17,Rental unit in Bozeman · ★5.0 · 2 bedrooms · 3 beds · 2 baths,87300632,Liz,,Bozeman,45.68708434,-111.0453209,Entire home/apt,230,2,3,9/18/2023,2.37,8,256,3,
9.60959E+17,Rental unit in Bozeman · ★New · 2 bedrooms · 2 beds · 1 bath,87300632,Liz,,Bozeman,45.70805549,-111.0429709,Entire home/apt,95,28,0,,,8,184,0,
9.61138E+17,Guesthouse in Bozeman · ★4.86 · Studio · 1 bed · 1 bath,150492515,Shannon,,Bozeman,45.71146831,-111.0817655,Entire home/apt,125,1,7,10/5/2023,7,2,3,7,
9.64556E+17,Condo in Bozeman · ★5.0 · 2 bedrooms · 2 beds · 3 baths,169754903,VR Bozeman,,Bozeman,45.6807994,-111.030088,Entire home/apt,204,1,4,9/28/2023,4,5,290,4,
9.64651E+17,Rental unit in Bozeman · ★4.80 · 1 bedroom · 2 beds · 1 bath,22366054,Tessa,,Bozeman,45.64225609,-111.0447477,Entire home/apt,162,1,5,10/2/2023,4.41,6,363,5,
9.64796E+17,Home in Bozeman · ★New · 2 bedrooms · 2 beds · 1 bath,247540892,Shaun,,Bozeman,45.6798759,-111.1028639,Private room,106,1,0,,,3,253,0,
9.6695E+17,Home in Bozeman · ★4.50 · 1 bedroom · 1 bed · 1 shared bath,13861863,Kendall,,Bozeman,45.6744407,-111.0306345,Private room,73,1,8,10/1/2023,5.85,3,263,8,
9.66959E+17,Home in Bozeman · ★4.67 · 1 bedroom · 1 bed · 1 bath,13861863,Kendall,,Bozeman,45.6744407,-111.0306345,Private room,72,1,12,10/5/2023,10.91,3,255,12,
9.69668E+17,Home in Bozeman · ★New · 3 bedrooms · 4 beds · 2 baths,534719008,Wendy,,Bozeman,45.687933,-111.0566437,Entire home/apt,171,1,1,10/1/2023,1,1,233,1,
9.73158E+17,Rental unit in Bozeman · ★New · 3 bedrooms · 3 beds · 2.5 baths,155221946,Gina,,Bozeman,45.68993,-111.11737,Entire home/apt,228,30,0,,,1,267,0,
9.78338E+17,Condo in Bozeman · ★New · 4 bedrooms · 4 beds · 4 baths,68940904,Arrival Co,,Bozeman,45.70627195,-111.0392742,Entire home/apt,450,2,1,9/22/2023,1,3,349,1,
9.80453E+17,Home in Bozeman · ★New · 3 bedrooms · 3 beds · 2.5 baths,535361376,Andrew,,Bozeman,45.6776941,-111.1162851,Entire home/apt,200,3,0,,,1,232,0,
9.8269E+17,Rental unit in Bozeman · ★New · 2 bedrooms · 3 beds · 2 baths,49379094,Grant & Mercede,,Bozeman,45.66347796,-111.0618671,Entire home/apt,145,28,0,,,1,218,0,
9.85666E+17,Home in Bozeman · ★New · 1 bedroom · 1 bed · 1 bath,6542194,Jenny,,Bozeman,45.68163424,-111.0287074,Entire home/apt,119,30,0,,,2,336,0,
9.87735E+17,Home in Bozeman · ★New · 4 bedrooms · 3 beds · 2.5 baths,150492515,Shannon,,Bozeman,45.7126044,-111.0808154,Entire home/apt,220,7,0,,,2,136,0,
9.89723E+17,Home in Bozeman · ★New · 1 bedroom · 1 bed · 1 bath,539198206,Mikaela,,Bozeman,45.6805411,-111.042481,Private room,108,1,1,10/7/2023,1,1,224,1,
9.91243E+17,Home in Bozeman · ★New · 3 bedrooms · 4 beds · 4 baths,500398027,Lynda,,Bozeman,45.70565665,-111.03787,Entire home/apt,523,2,0,,,1,276,0,
9.92267E+17,Home in Bozeman · ★New · 2 bedrooms · 2 beds · 2 baths,12520639,Max,,Bozeman,45.66295201,-111.019628,Entire home/apt,200,10,0,,,1,15,0,
9.93586E+17,Rental unit in Bozeman · ★New · 2 bedrooms · 4 beds · 1 bath,111808731,Vacasa Montana,,Bozeman,45.67618,-111.0494,Entire home/apt,225,2,0,,,1,365,0,
9.94123E+17,Rental unit in Bozeman · ★New · 2 bedrooms · 2 beds · 2 baths,540165578,Amanda,,Bozeman,45.67991857,-111.0242513,Entire home/apt,247,3,0,,,1,159,0,
9.94329E+17,Rental unit in Bozeman · ★New · 2 bedrooms · 2 beds · 1 bath,403857117,Ava,,Bozeman,45.68638269,-111.04418,Entire home/apt,198,1,0,,,1,177,0,
